gene_name,RESISTANT_Group,Effect,Antibiotic,Sequence,ID_Threshold,Coverage_Threshold
aph_3prime_III_1_M26832,aph_3prime_III_1,RESISTANT,KAN,ATGGCTAAAATGAGAATATCACCGGAATTGAAAAAACTGATCGAAAAATACCGCTGCGTAAAAGATACGGAAGGAATGTCTCCTGCTAAGGTATATAAGCTGGTGGGAGAAAATGAAAACCTATATTTAAAAATGACGGACAGCCGGTATAAAGGGACCACCTATGATGTGGAACGGGAAAAGGACATGATGCTATGGCTGGAAGGAAAGCTGCCTGTTCCAAAGGTCCTGCACTTTGAACGGCATGATGGCTGGAGCAATCTGCTCATGAGTGAGGCCGATGGCGTCCTTTGCTCGGAAGAGTATGAAGATGAACAAAGCCCTGAAAAGATTATCGAGCTGTATGCGGAGTGCATCAGGCTCTTTCACTCCATCGACATATCGGATTGTCCCTATACGAATAGCTTAGACAGCCGCTTAGCCGAATTGGATTACTTACTGAATAACGATCTGGCCGATGTGGATTGCGAAAACTGGGAAGAAGACACTCCATTTAAAGATCCGCGCGAGCTGTATGATTTTTTAAAGACGGAAAAGCCCGAAGAGGAACTTGTCTTTTCCCACGGCGACCTGGGAGACAGCAACATCTTTGTGAAAGATGGCAAAGTAAGTGGCTTTATTGATCTTGGGAGAAGCGGCAGGGCGGACAAGTGGTATGACATTGCCTTCTGCGTCCGGTCGATCAGGGAGGATATCGGGGAAGAACAGTATGTCGAGCTATTTTTTGACTTACTGGGGATCAAGCCTGATTGGGAGAAAATAAAATATTATATTTTACTGGATGAATTGTTTTAG,80.0,80.0
ermB_1_JN899585,ermB_1,RESISTANT,MAC,ATGAACAAAAATATAAAATATTCTCAAAACTTTTTAACGAGTGAAAAAGTACTCAACCAAATAATAAAACAATTGAATTTAAAAGAAACCGATACCGTTTACGAAATTGGAACAGGTAAAGGGCATTTAACGACGAAACTGGCTAAAATAAGTAAACAGGTAACGTCTATTGAATTAGACAGTCATCTATTCAACTTATCGTCAGAAAAATTAAAACTGAATACTCGTGTCACTTTAATTCACCAAGATATTCTACAGTTTCAATTCCCTAACAAACAGAGGTATAAAATTGTTGGGAATATTCCTTACCATTTAAGCACACAAATTATTAAAAAAGTGGTTTTTGAAAGCCATGCGTCTGACATCTATCTGATTGTTGAAGAAGGATTCTACAAGCGTACCTTGGATATTCACCGAACACTAGGGTTGCTCTTGCACACTCAAGTCTCGATTCAGCAATTGCTTAAGCTGCCAGCGGAATGCTTTCATCCTAAACCAAAAGTAAACAGTGTCTTAATAAAACTTACCCGCCATACCACAGATGTTCCAGATAAATATTGGAAGCTATATACGTACTTTGTTTCAAAATGGGTCAATCGAGAATATCGTCAACTGTTTACTAAAAATCAGTTTCATCAAGCAATGAAACACGCCAAAGTAAACAATTTAAGTACCGTTACTTATGAGCAAGTATTGTCTATTTTTAATAGTTATCTATTATTTAACGGGAGGAAATAA,80.0,80.0
ermB_10_U86375,ermB_10,RESISTANT,MAC,ATGAACAAAAATATAAAATATTCTCAAAACTTTTTAACGAGTGAAAAAGTACTCAACCAAATAATAAAACAATTGAATTTAAAAGAAACCGATACCGTTTACGAAATTGGAACAGGTAAAGGGCATTTAACGACGAAACTGGCTAAAATAAGTAAACAGGTAACGTCTATTGAATTAGACAGTCATCTATTCAACTTATCGTCAGAAAAATTAAAACTGAACATTCGTGTCACTTTAATTCACCAAGATATTCTACAGTTTCAATTCCCTAACAAACAGAGGTATAAAATTGTTGGGAATATTCCTTACCATTTAAGCACACAAATTATTAAAAAAGTGGTTTTTGAAAGCCATGCGTCTGACATCTATCTGATTGTTGAAGAAGGATTCTACAAGCGTACCTTGGATATTCACCGAACACTAGGGTTGCTCTTGCACACTCAAGTCTCGATTCAGCAATTGCTTAAGCTGCCAGCGGAATGCTTTCATCCTAAACCAAAAGTAAACAGTGTCTTAATAAAACTTACCCGCCATACCACAGATGTTCCAGATAAATATTGGAAGCTATATACGTACTTTGTTTCAAAATGGGTCAATCGAGAATATCGTCAACTGTTTACTAAAAATCAGTTTCATCAAGCAATGAAACACGCCAAAGTAAACAATTTAAGTACCGTTACTTATGAGCAAGTATTGTCTATTTTTAATAGTTATCTATTATTTAACGGGAGGAAATAA,80.0,80.0
ermB_16_X82819,ermB_16,RESISTANT,MAC,ATGAACAAAAATATAAAATATTCTCAAAACTTTTTAACGAGTGAAAAAGTACTCAACCAAATAATAAAACAATTGAATTTAAAAGAAACCGATACCGTTTACGAAATTGGAACAGGTAAAGGGCATTTAACGACGAAACTGGCTAAAATAAGTAAACAGGTAACGTCTATTGAATTAGACAGTCATCTATTCAACTTATCGTCAGAAAAATTAAAACTGAATACTCGTGTCACTTTAATTCACCAAGATATTCTACAGTTTCAATTCCCTAACAAACAGAGGTATAAAATTGTTGGGAATATTCCTTACCATTTAAGCACACAAATTATTAAAAAAGTGGTTTTTGAAAGCCGTGCGTCTGACATCTATCTGATTGTTGAAGAAGGATTCTACAAGCGTACCTTGGATATTCACCGAACACTAGGGTTGCTCTTGCACACTCAAGTCTCGATTCAGCAATTGCTTAAGCTGCCAGCGGAATGCTTTCATCCTAAACCAAAAGTAAACAGTGTCTTAATAAAACTTACCCGCCATACCACAGATGTTCCAGATAAATATTGGAAGCTATATACGTACTTTGTTTCAAAATGGGTCAATCGAGAATATCGTCAACTGTTTACTAAAAATCAGTTTCATCAAGCAATGAAACACGCCAAAGTAAACAATTTAAGTACCATTACTTATGAGCAAGTATTGTCTATTTTTAATAGTTATCTATTATTTAACGGGAGGAAATAA,80.0,80.0
ermB_20_AF109075,ermB_20,RESISTANT,MAC,ATGAACAAAAATATAAAATATTCTCAAAACTTTTTAACGAGTGAAAAAGTACTCAACCAAATAATAAAACAATTGAATTTAAAAGAAACCGATACCGTTTACGAAATTGGAACAGGTAAAGGGCATTTAACGACGAAACTGGCTAAAATAAGTAAACAGGTAACGTCTATTGAATTAGACAGTCATCTATTCAACTTATCGTCAGAAAAATTAAAACTGAATACTCGTGTCACTTTAATTCACCAAGATATTCTACAGTTTCAATTCCCTAACAAACAGAGGTATAAAATTGTTGGGAGTATTCCTTACCATTTAAGCACACAAATTATTAAAAAAGTGGTTTTTGAAAGCCGTGCGTCTGACATCTATCTGATTGTTGAAGAAGGATTCTACAAGCGTACCTTGGATATTCACCGAACACTAGGGTTGCTCTTGCACACTCAAGTCTCGATTAAGCAATTGCTTAAGCTGCCAGCTGAATGCTTTCATCCTAAACCAAAAGTAAACAGTGCCTTAATAAAACTTACCCGCCATACCACAGATGTTCCAGATAAATATTGGAAACTATATACGTACTTTGTTTCAAAATGGGTCAATCGAGAATATCGTCAACTGTTTACTAAAAATCAGTTTCATCAAGCAATGAAATACGCCAAAGTAAACGATTTAAGTACCGTTACTTATGAGCAAGTATTGTCTATTTTTAATAGTTATCTATTATTTAACGGGAGGAAATAA,80.0,80.0
ermC_13_M13761,ermC_13,RESISTANT,MAC,ATGAACGAGAAAAATATAAAACACAGTCAAAACTTTATTACTTCAAAACATAATATAGATAAAATAATGACAAATATAAGATTAAATGAACATGATAATATCTTTGAAATCGGCTCAGGAAAAGGGCATTTTACCCTTGAATTAGTACAGAGGTGTAATTTCGTAACTGCCATTGAAATAGACCATAAATTATGCAAAACTACAGAAAATAAACTTGTTGATCACGATAATTTCCAAGTTTTAAACAAGGATATATTGCAGTTTAAATTTCCTAAAAACCAATCCTATAAAATATTTGGTAATATACCTTATAACATAAGTACGGATATAATACGCAAAATTGTTTTTGATAGTATAGCTGATGAGATTTATTTAATCGTGGAATACGGGTTTGCTAAAAGATTATTAAATACAAAACGCTCATTGGCATTATTTTTAATGGCAGAAGTTGATATTTCTATATTAAGTATGGTTCCAAGAGAATATTTTCATCCTAAACCTAAAGTGAATAGCTCACTTATCAGATTAAATAGAAAAAAATCAAGAATATCACACAAAGATAAACAGAAGTATAATTATTTCGTTATGAAATGGGTTAACAAAGAATACAAGAAAATATTTACAAAAAATCAATTTAACAATTCCTTAAAACATGCAGGAATTGACGATTTAAACAATATTAGCTTTGAACAATTCTTATCTCTTTTCAATAGCTATAAATTATTTAATAAGTAA,80.0,80.0
cat_5_U35036,cat_5,RESISTANT,CHL,ATGACTTTTAATATTATTAATTTGGAAACTTGGGATAGAAAAGAATATTTTAATCATTATTTCAATCAACAAACAACTTACAGTGTTACTAAAGAATTTGATATCACTTTACTTAAAAGTATGATAAAAAATAAAGGATATGAACTGTATCCTGCTTTGATTTATACAATTGTAAATATTATAAATCAAAATAAAGTATTTAGAACAGGAATTAATAGTGAGGGAAATTTGGGTTATTGGGATAAATTAAACCCTTTATATACAGTCTTTAATAAAGAAACTGAAAAATTTTCTAACATTTGGACAGAATCAAATGTTAGTTTTAATTCTTTTTATAATAGTTATAAGAGTGACTTACTTGAATATAAAGATAAAAATGAAATGTTTCCTAAAAAACCAATACCTGAAAACACAGTTCCTATTTCGATGATTCCTTGGATTGATTTTAGTTCATTTAATTTAAATATTGGTAATAATAGTAGATTCCTATTGCCAATTATTACAATAGGTAAATTTTATAGTAAGAATAATAAGATCTATTTACCAGTCTCATTGCAAGTTCATCATGCGGTATGTGATGGTTACCATGTTTCATTATTTATGAGTGAATTTCAAAATATAGTTGATAGTGTAAATGAATGGATTTAA,80.0,80.0
catpC194_1_NC_002013,catpC194,RESISTANT,CHL,ATGAACTTTAATAAAATTGATTTAGACAATTGGAAGAGAAAAGAGATATTTAATCATTATTTGAACCAACAAACGACTTTTAGTATAACCACAGAAATTGATATTAGTGTTTTATACCGAAACATAAAACAAGAAGGATATAAATTTTACCCTGCATTTATTTTCTTAGTGACAAGGGTGATAAACTCAAATACAGCTTTTAGAACTGGTTACAATAGCGACGGAGAGTTAGGTTATTGGGATAAGTTAGAGCCACTTTATACAATTTTTGATGGTGTATCTAAAACATTCTCTGGTATTTGGACTCCTGTAAAGAATGACTTCAAAGAGTTTTATGATTTATACCTTTCTGATGTAGAGAAATATAATGGTTCGGGGAAATTGTTTCCCAAAACACCTATACCTGAAAATGCTTTTTCTCTTTCTATTATTCCATGGACTTCATTTACTGGGTTTAACTTAAATATCAATAATAATAGTAATTACCTTCTACCCATTATTACAGCAGGAAAATTCATTAATAAAGGTAATTCAATATATTTACCGCTATCTTTACAGGTACATCATTCTGTTTGTGATGGTTATCATGCAGGATTGTTTATGAACTCTATTCAGGAATTGTCAGATAGGCCTAATGACTGGCTTTTATAA,80.0,80.0
catpC233_1_AY355285,catpC233,RESISTANT,CHL,ATGACTTTTAATATTATTAATTTAGAAACTTGGGATAGAAAAGAATATTTCAATCATTATTTTAATCAACAAACAACTTATAGTGTTACTAAAGAATTAGATATTACCTTGTTAAAAAGTATGATAAAAGATAAAGGATATGAACTGTATCCTGCTTTGATTCATGCAATTGTAAGTGTTATAAATCGAAATAAAGTATTTAGAACAGGGATTAATAGTGAGGGGAATTTGGGTTATTGGGATAAATTAGAACCTTTATATACAGTCTTTAATAAAGAAACTGAAAAATTTTCTAATATTTGGACAGAATCAAATGCTAGTTTTAACTCTTTTTATAATAGTTATAAGAATGATTTATTTAAATATAAAGATAAAAATGAAATGTTTCCTAAAAAGCCGATACCTGAAAACACAGTTCCTATCTCGATGATTCCTTGGATTGATTTTAGTTCATTTAATTTAAATATTGGTAATAATAGTAGATTTTTATTGCCAATTATTACAATAGGTAAATTTTATAGTAAGGATGATAAGATCTATTTACCATTTTCATTGCAAGTTCATCATGCAGTATGTGATGGTTACCATGTTTCATTATTTATGAATGAATTTCAAAATATAATTGATAATGTAAATGAATGGATTTAA,80.0,80.0
catQ_1_M55620,catQ,RESISTANT,CHL,ATGAAATTTAATTTGATAGATATTGAGGATTGGAATAGAAAGCCATACTTTGAGCATTATTTAAATGCGGTTAGGTGCACTTACAGTATGACTGCAAATATAGAGATAACTGGTTTACTGCGTGAAATTAAACTTAAGGGCCTGAAACTGTACCCTACGCTTATTTATATCATCACAACTGTGGTTAACCGTCACAAGGAGTTCCGCACCTGTTTTGATCAAAAAGGTAAGTTAGGATACTGGGATAGTATGAACCCAAGTTATACTGTCTTTCATAAGGATAACGAAACTTTTTCAAGTATTTGGACAGAGTATGACGAGAACTTCCCACGTTTTTACTATAATTACCTTGAGGATATTAGAAACTATAGCGACGTTTTGAATTTCATGCCTAAGACAGGTGAACCTGCTAATACAATTAATGTGTCCAGCATTCCTTGGGTGAATTTTACCGGATTCAACCTGAATATATACAATGATGCAACATATCTAATCCCTATTTTTACTTTGGGTAAGTATTTTCAGCAGGATAATAAAATTTTATTACCTATGTCTGTACAGGTGCATCATGCGGTTTGCGACGGTTATCATATAAGCAGATTTTTTAATGAGGCACAGGAATTAGCGTCAAATTATGAGACATGGTTAGGAGAAAAATAA,80.0,80.0
msrD_2_AF274302,msrD_2,RESISTANT,MAC,ATGGAATTAATATTAAAAGCAAAAGACATTCGTGTGGAATTCAAAGGACGCGATGTTTTAGATATAAATGAATTAGAAGTATATGATTATGACCGTATTGGTTTAGTAGGAGCAAATGGTGCTGGAAAAAGCACTTTACTCAGGGTACTTTTAGGAGAATTAACTCCCCCAGGATGTAAAATGAATCGTCTGGGTGAACTTGCCTATATTCCCCAGTTGGACGAAGTAACTCTGCAGGAGGAAAAAGATTTTGCACTTGTAGGCAAGCTAGGTGTTGAGCAATTAAATATACAGACTATGAGCGGTGGTGAAGAAACAAGGCTTAAAATAGCACAGGCCTTATCGGCACAGGTTCATGGTATTTTAGCGGATGAACCTACGAGCCATTTAGACCGTGAAGGAATTGATTTTCTAATAGGACAGCTAAAATATTTTACAGGTGCACTGTTAGTTATTAGCCATGACCGCTATTTTCTTGATGAAATAGTAGATAAAATATGGGAACTGAAAGATGGCAAAATCACTGAGTATTGGGGAAACTATTCTGATTATCTTCGTCAGAAAGAGGAAGAACGTAAGAGCCAAGCTGCAGAATACGAACAATTTATTGCGGAACGTGCCCGATTGGAAAGGGCTGCGGAGGAAAAGCGAAAACAGGCTCGTAAAATAGAACAGAAGGCAAAAGGTTCTTCAAAGAAAAAAAGTACTGAAGACGGAGGGCGTTTAGCTCATCAAAAATCAATAGGAAGTAAGGAAAAAAAGATGTATAATGCTGCTAAAACCCTAGAGCACAGGATTGCGGCCTTAGGAAAAGTAGAAGCTCCGGAAGGCATTCGCAGAATTCGTTTCAGGCAAAGTAAAGCATTGGAGCTCCATAATCCATACCCTATAGTCGGTGCAGAAATTAATAAAGTATTTGGGGATAAGGCTCTGTTTGAAAATGCATCTTTTCAAATTCCGTTAGGAGCAAAAGTGGCGTTAACTGGTGGTAATGGAATCGGAAAAACAACTTTAATCCAAATGATCTTAAACCATGAAGAAGGAATTTCTATTTCGCCTAAGGCAAAAATAGGTTACTTTGCACAGAATGGTTACAAGTACAACAGTAATCAGAATGTTATGGAGTTTATGCAGAAGGATTGTGACTACAATATATCAGAAATTCGTTCAGTGCTAGCATCTATGGGGTTCAAACAGAACGATATTGGAAAAAGTTTATCTGTTTTAAGCGGTGGAGAAATTATAAAATTGTTGCTTGCTAAAATGCTCATGGGTAGATATAACATCCTAATAATGGATGAACCCAGTAACTTCCTTGACATACCAAGTTTAGAGGCTTTGGAAATACTAATGAAGGAGTACACCGGAACTATCGTGTTTATCACCCACGATAAACGATTACTCGAAAATGTAGCAGATGTAGTTTATGAAATTAGAGATAAGAAAATAAATCTGAAACATTAA,80.0,80.0
msrD_3_AF227520,msrD_3,RESISTANT,MAC,ATGGAATTAATATTAAAAGCAAAAGACATTAGTGTGGAATTCAAAGGACACGATGTTTTAGATATAAATGAATTAGAAGTATATGATTATGACCGTATTGGTTTAGTAGGAGCAAATGGTGCAGGAAAAAGCACTTTATTCAAGGTACTTTTAGGAGAATTAATTCCCCCAGGATGTAAAATGAATCATCTGGGTGAACTTGCCTATATTCCCCAGTTGGACGAAGTAACTCTGCAGGAGGAAAAAGATTTTGCGCTTGTAGGCAAGCTAGGTGTTGAGCAATTAAATATACAGACCATGAGCGGTGGTGAAGAAACAAGGCTTAAAATAGCACAGGCCTTATCGGCACAGGTTCATGGTATTTTAGCGGATGAACCTACGAGCCATTTAGACCGTGAAGGAATTGATTTTCTAATAGGACAGCTAAAATATTTTACAGGTGCACTGTTAGTTATTAGCCATGACCGCTATTTTCTTGATGAAATAGTAGATAAAATATGGGAACTGAAAGATGGCAAAATCACTGAGTATTGGGGAAACTATTCTGATTATCTTCGTCAGAAAGAGGAAGAACGTAAGAGACAAGCTGCAGAATACGAACAATTTATTGCGGAACGTGCTCGATTGGAAAGGGCTGCGGAGGAAAAGCGAAAACAGGCTCGTAAAATAGAACAGAAGGCAAAAGGTTCTTCAAAGAAAAAAAGTACTGAAGGCGGAGGGCGTTTAGCTCATCAAAAATCAATAGGAAGTAAGGAAAAAAAGATGCATAATGCCGCTAAATCCCTAGAGAACAGGATTGCGGCATTAGGAAAAGTAGAAGCTCCGGAAGGCATTCGCAGAATTCGTTTCAGGCAAAGTAAAGCATTGGAGCTCCATAATCCATACCCTATAGTCGGTGCGGAAATTAATAAAGTATTTGGGGATAAGGCACTGTTTGAAAATGCATCTTTTCAAATTCCGCTAGGAGCAAAAGTGGCATTAACGGGTGGTAATGGAACCGGAAAAACAACTTTAATCCAAATGATCTTAAACCATGAAGAAGGAATTTCTATTTCACCTAAGGCAAAAATAGGTTACTTTGCACAGAATGGTTACAAGTACAACAGTAATCAGAATGTTATGGAGTTTATGCAGAAGGATTGTGATTACAATATATCAGAAATTCGTTCTGTGCTAGCATCTATGGGGTTCAAACAGAACGATATTGGAAAAAGCTTATCTGTTTTAAGCGGTGGAGAAATTATAAAATTGTTGCTTGCTAAAATGCTCATGGGTAGATATAACATCCTAATAATGGATGAACCCAGTAACTTCCTTGACATACCAAGTTTAGAGGCTTTGGAAATACTAATGAAGGAGTACACCGGAACTATCGTGTTTATCACCCACGATAAACGATTACTCGAAAATGTAGCTGATGTAGTTTATGAAATTAGAGATAAGAAAATTAAGCTGAAACATTAA,80.0,80.0
mefA_10_AF376746,mefA_10,RESISTANT,MAC,ATGGAAAAATACAACAATTGGAAACGAAAATTTTATGCAATATGGGCAGGGCAAGCAGTATCATTAATCACTAGTGCCATCCTGCAAATGGCGATTATTTTTTACCTTACAGAAAAAACAGGATCTGCGATGGTCTTGTCTATGGCTTCATTAGTAGGTTTTTTACCCTATGCGATTTTGGGACCTGCCATTGGTGTGCTAGTGGATCGTCATGATAGGAAGAAGATAATGATTGGTGCCGATTTAATTATCGCAGCAGCTGGTGCAGTGCTTGCTATTGTTGCATTCTGTATGGAGCTACCTGTCTGGATGATTATGATAGTATTGTTTATCCGTAGCATTGGAACAGCTTTTCATACCCCAGCACTCAATGCGGTTACACCACTTTTAGTACCAGAAGAACAGCTAACGAAATGCGCAGGCTATAGTCAGTCTTTGCAGTCTATAAGCTATATTGTTAGTCCGGCAGTTGCAGCACTCTTATACTCCGTTTGGGATTTAAATGCTATTATTGCCATCGACGTATTGGGTGCTGTGATTGCATCTATTACGGTAGCAATTGTACGTATACCTAAGCTGGGTAATCAAGTGCAAAGTTTAGAACCAAATTTCATAAGGGAGATGAAAGAAGGAGTTGTGGTTCTGAGACAAAACAAAGGATTGTTTGCCTTATTACTCTTAGGAACACTATATACTTTTGTTTATATGCCAATCAATGCACTATTTCCTTTAATAAGCATGGAACACTTTAATGGAACGCCTGTGCATATTTCTATTACGGAAATTTCCTTTGCATTTGGGATGCTAGCAGGAGGCTTATTATTAGGAAGATTAGGGGGCTTCGAAAAGCATGTATTACTAATAACAAGTTCATTTTTTATAATGGGGACCAGTTTAGCCGTTTCGGGAATACTTCCTCCAAATGGATTTGTAATATTCGTAGTTTGCTGTGCAATAATGGGGCTTTCGGTGCCATTTTATAGCGGTGTGCAAACAGCTCTTTTTCAGGAGAAAATTAAGCCTGAATATTTAGGACGTGTATTTTCTTTGATCGGAAGTATCATGTCACTTGCTATGCCAATTGGGTTAATTCTTTCTGGATTCTTTGCTGATAAAATCGGTGTAAATCATTGGTTTTTACTATCAGGTATTTTAATTATTGGCATTGCTATAGTTTGCCAAATGATAACTGAGGTTAGAAAATTAGATTTAAAATAA,80.0,80.0
mefE_AE007317,mefE,RESISTANT,MAC,TTGAAAATAGATAAAAAAAACGAGGCTTTCCTTATTGTAAGTAGAGGCATATCTCGAATTGGAGATATTATGTTTGACTTTGCGAATAATACCTTTCTTGCAGGATTAAATCCAACATCTTTATCATTGGTTGCAGTATATCAGTCACTAGAAAGTGTGATAGGTGTTCTTTTTAATTTATTTGGTGGAGTCATTGCAGATAGTTTCAAGCGGAAAAAAATTATTATTGTTGCAAATATCTTATGTGGTATTGCTTGTATAATTCTTTCATTCATATCACAAGAGCAGTGGATGGTCTTTGCAATTGTCATCACTAATATTATCTTGGCATTTATGAGTGCTTTTTCTGGACCGTCCTATAAAGCATTTACAAAAGAAATTGTAAAAAAGGATAGTATATCACAACTTAATTCATTGCTAGAGATAACAAGTACTATAATTAAAGTAACAATACCAATGGTAGCAATTTTATTATATAAGCTACTTGGGATACATGGTGTTTTACTATTGGATGGATTCTCATTTCTAATTGCTGCATCACTGATTTCCTTTATTGTACCCGTTAATGACGAAGTGGTCACAAAGGATAAAATGACAATAGGAGGAGTTTTAAATGACTTAAAAATAGGGTTTAAGTATATTTATAGTCATAAGACAATATTTATGATTATTATTCTCTCTGCTTTTGTTAATTTTTTTCTAGCAGCTTATAATTTATTGTTACCTTATAGTAATCAAATGTTTGGAGAAATTTCAGATGGGCTTTATGGTGTTTTTCTAACTGCGGAAGCAATTGGAGGATTTATTGGAGCGATATTAAGTGGTGTTATAAATAAAACCTTGTCAAGCAAACGTTTAATGGTCTTCTTATCATGTTCAGGATTGATGTTAATGCTATCAACGCCACTCTATTTTTTGTTTCAAAACTTCATTATTCTAGCCTTTTCTCCGGCATTATTTAGTCTATTTATTTCTATTTTTAATATTCAATTTTTCTCTATTGTTCAAAGAGAAGTTGATACTGAGTTTCTCGGTAGAGTCTTTGGAATCATCTTTACGGTAGCTATTCTTTTTATGCCAGTTGGGTCTGGATTTTTCTCAGTAGTTTTAAATCCTAACAATACTTTTAATCTTTTTATTATTGGTGTATCTATTACGATATTATCGCTAATATTCAGCACGCTATTGAAGAGGTATGATAAAAATAGCTGA,80.0,80.0
tetM_1_X92947,tet_1,RESISTANT,TCY,ATGAAAATTATTAATATTGGAGTTTTAGCTCATGTTGATGCAGGAAAAACTACCTTAACAGAAAGCTTATTATATAACAGTGGAGCGATTACAGAATTAGGAAGCGTGGACAAAGGTACAACGAGGACGGATAATACGCTTTTAGAACGTCAGAGAGGAATTACAATTCAGACAGGAATAACCTCTTTTCAGTGGGAAAATACGAAGGTGAACATCATAGACACGCCAGGACATATGGATTTCTTAGCAGAAGTATATCGTTCATTATCAGTTTTAGATGGGGCAATTCTACTGATTTCTGCAAAAGATGGCGTACAAGCACAAACTCGTATATTATTTCATGCACTTAGGAAAATGGGGATTCCCACAATCTTTTTTATCAATAAGATTGACCAAAATGGAATTGATTTATCAACGGTTTATCAGGATATTAAAGAGAAACTTTCTGCCGAAATTGTAATCAAACAGAAGGTAGAACTGTATCCTAATGTGTGTGTGACGAACTTTACCGAATCTGAACAATGGGATACGGTAATAGAGGGAAACGATGACCTTTTAGAGAAATATATGTCCGGTAAATCATTAGAAGCATTGGAACTCGAACAAGAGGAAAGCATAAGATTTCAGAATTGTTCTCTGTTCCCTCTTTATCATGGAAGTGCAAAAAGTAATATAGGGATTGATAACCTTATAGAAGTTATTACTAATAAATTTTATTCATCAACACATCGAGGTCCGTCTGAACTTTGCGGAAATGTTTTCAAAATTGAATATACAAAAAAAAGACAACGTCTTGCATATATACGCCTTTATAGTGGAGTACTACATTTACGAGATTCGGTTAGAGTATCAGAAAAAGAAAAAATAAAAGTTACAGAAATGTATACTTCAATAAATGGTGAATTATGTAAGATTGATAGAGCTTATTCTGGAGAAATTGTTATTTTGCAAAATGAGTTTTTGAAGTTAAATAGTGTTCTTGGAGATACAAAACTATTGCCACAGAGAAAAAAGATTGAAAATCCGCACCCTCTACTACAAACAACTGTTGAACCGAGTAAACCTGAACAGAGAGAAATGTTGCTTGATGCCCTTTTGGAAATCTCAGATAGTGATCCGCTTCTACGATATTACGTGGATTCTACGACACATGAAATTATACTTTCTTTCTTAGGGAAAGTACAAATGGAAGTGATTAGTGCACTGTTGCAAGAAAAGTATCATGTGGAGATAGAACTAAAAGAGCCTACAGTCATTTATATGGAGAGACCGTTAAAAAATGCAGAATATACCATTCACATCGAAGTGCCGCCAAATCCTTTCTGGGCTTCCATTGGTTTATCTGTATCACCGCTTCCGTTGGGAAGTGGAATGCAGTATGAGAGCTCGGTTTCTCTTGGATACTTAAATCAATCATTTCAAAATGCAGTTATGGAAGGGATACGCTATGGTTGTGAACAAGGATTGTATGGTTGGAATGTGACGGACTGTAAAATCTGTTTTAAGTATGGCTTATACTATAGCCCTGTTAGTACCCCAGCAGATTTTCGGATGCTTGCTCCTATTGTATTGGAACAAGTCTTAAAAAAAGCTGGAACAGAATTGTTAGAGCCATATCTTAGTTTTAAAATTTATGCGCCACAGGAATATCTTTCACGAGCATACAACGATGCTCCTAAATATTGTGCGAACATCGTAGACACTCAATTGAAAAATAATGAGGTCATTCTTAGTGGAGAAATCCCTGCTCGGTGTATTCAAGAATATCGTAGTGATTTAACTTTCTTTACAAATGGACGTAGTGTTTGTTTAACAGAGTTAAAAGGGTACCATGTTACTACCGGTGAACCTGTTTGCCAGCCCCGTCGTCCAAATAGTCGGATAGATAAAGTACGATATATGTTCAATAAAATAACTTAG,80.0,80.0
tetM_12_FR671418,tet_12,RESISTANT,TCY,ATGAAAATTATTAATATTGGAGTTTTAGCTCATGTTGATGCAGGAAAAACTACCTTAACAGAAAGCTTATTATATAACAGTGGAGCGATTACAGAATTAGGAAGCGTGGACAAAGGTACAACGAGGACGGATAATACGCTTTTAGAACGTCAGAGAGGAATTACAATTCAGACAGGAATAACCTCTTTTCAGTGGGAAAATACGAAGGTGAACATCATAGACACGCCAGGACATATGGATTTCTTAGCAGAAGTATATCGTTCATTATCAGTTTTAGATGGGGCAATTCTACTGATTTCTGCAAAAGATGGCGTACAAGCACAAACTCGTATATTATTTCATGCACTTAGGAAAATGGGGATTCCCACAATCTTTTTTATCAATAAGATTGACCAAAATGGAATTGATTTATCAACGGTTTATCAGGATATTAAAGAGAAACTTTCTGCCGAAATTGTAATCAAACAGAAGGTAGAACTGTATCCTAATATGTGTGTGACGAACTTTACCGAATCTGAACAATGGGATACGGTAATAGAGGGAAACGATGACCTTTTAGAGAAATATATGTCCGGTAAATCATTAGAAGCATTGGAACTCGAACAAGAGGAAAGCATAAGATTTCAGAATTGTTCTCTGTTCCCTCTTTATCATGGAAGTGCAAAAAGTAATATAGGGATTGATAACCTTATAGAAGTGATTACGAATAAATTTTATTCATCAACACATCGAGGTCAGTCTGAACTTTGCGGAAAAGTTTTCAAAATTGAGTATTCGGAAAAAAGACAGCGTCTTGCATATATACGTCTTTATAGTGGCGTACTGCATTTGCGAGATTCGGTTAGAATATCGGAAAAGGAAAAAATAAAAATTACAGAAATGTATACTTCAATAAATGGTGAATTATGTAAAATCGATAAGGCTTATTCCGGGGAAATTGTTATTTTGCAGAATGAGTTTTTGAAGTTAAATAGTGTTCTTGGAGATACAAAGCTATTGCCACAGAGAGAGAGAATTGAAAATCCCCTCCCTCTGCTGCAAACGACTGTTGAACCGAGCAAACCTCAACAAAGGGAAATGTTACTTGATGCACTTTTAGAAATCTCCGACAGTGACCCGCTTCTGCGATATTATGTGGATTCTGCGACACATGAAATCATACTTTCTTTCTTAGGGAAAGTACAAATGGAAGTGACTTGTGCTCTGCTGCAAGAAAAGTATCATGTGGAGATAGAAATAAAAGAGCCTACAGTCATTTATATGGAAAGACCGTTAAAAAAAGCAGAGTATACCATTCACATCGAAGTTCCACCGAATCCTTTCTGGGCTTCCATTGGTCTATCTGTAGCACAGCTTCCATTAGGGAGCGGAGTACAGTATGAGAGCTCGGTTTCTCTTGGATACTTAAATCAATCGTTTCAAAATGCAGTTATGGAGGGGATACGCTATGGCTGTGAACAAGGATTGTATGGTTGGAATGTGACGGACTGTAAAATCTGTTTTAAGTATGGCTTATACTATAGCCCTGTTAGTACCCCAGCAGATTTTCGGATGCTTGCTCCTATTGTATTGGAACAAGTCTTAAAAAAAGCTGGAACAGAATTGTTAGAGCCATATCTTAGTTTTAAAATTTATGCGCCACAGGAATATCTTTCACGAGCATACAACGATGCTCCTAAATATTGTGCGAACATCGTAGACACTCAATTGAAAAATAATGAGGTCATTCTTAGTGGAGAAATCCCTGCTCGGTGTATTCAAGAATATCGTAGTGATTTAACTTTCTTTACAAATGGACGTAGTGTTTGTTTAACAGAGTTAAAAGGGTACCATGTTACTACCGGTGAACCTGTTTGCCAGCCCCGTCGTCCAAATAGTCGGATAGATAAAGTACGATATATGTTCAATAAAATAACTTAG,80.0,80.0
tetK_4_U38428,tetK_4,RESISTANT,TCY,TTGTTTAGTTTATATAAAAAATTTAAAGGTTTGTTTTATAGCGTTTTATTTTGGCTTTGTATTCTTTCATTTTTTAGTGTATTAAATGAAATGGTTTTAAATGTTTCTTTACCTGATATTGCAAATCATTTTAATACTACTCCTGGAATTACAAACTGGGTAAACACTGCATATATGTTAACTTTTTCGATAGGAACAGCAGTATATGGAAAATTATCTGATTATATAAATATAAAAAAATTGTTAATTATTGGTATTAGTTTGAGCTGTCTTGGTTCATTGATTGCTTTTATTGGTCACAATCACTTTTTTATTTTGATTTTTGGTAGGTTAGTACAAGGAGTAGGATCTGCTGCATTCCCTTCACTGATTATGGTGGTTGTAGCTAGAAATATTACAAGAAAAAAACAAGGCAAAGCCTTTGGTTTTATAGGATCAATTGTAGCTTTAGGTGAAGGGTTAGGTCCTTCAATAGGGGGAATAATAGCACATTATATTCATTGGTCTTACCTACTTATACTTCCTATGATTACAATAGTAACTATACCTTTTCTTATTAAAGTAATGGTACCTGGTAAATCAACAAAAAATACATTAGATATCGTAGGTATTGTTTTAATGTCTATAAGTATTATATGTTTTATGTTATTTACGACAAATTATAATTGGACTTTTTTAATACTCTTCACAATCTTTTTTGTGATTTTTATTAAACATATTTCAAGAGTTTCTAACCCTTTTATTAATCCTAAACTAGGGAAAAACATTCCGTTTATGCTTGGTTTGTTTTCTGGTGGGCTAATATTTTCTATAGTAGCTGGTTTTATATCAATGGTGCCTTATATGATGAAAACTATTTATCATGTAAATGTAGCGACAATAGGTAATAGTGTTATTTTTCCTGGAACCATGAGTGTTATTGTTTTTGGTTATTTTGGTGGTTTTTTAGTGGATAGAAAAGGATCATTATTTGTTTTTATTTTAGGATCATTGTCTATCTCTATAAGTTTTTTAACTATTGCATTTTTTGTTGAGTTTAGTATGTGGTTGACTACTTTTATGTTTATATTTGTTATGGGCGGATTATCTTTTACTAAAACAGTTATATCAAAAATAGTATCAAGTAGTCTTTCTGAAGAAGAAGTTGCTTCTGGAATGAGTTTGCTAAATTTCACAAGTTTTTTATCAGAGGGAACAGGTATAGCAATTGTAGGAGGTTTATTGTCACTACAATTGATTAATCGTAAACTAGTTCTGGAATTTATAAATTATTCTTCTGGAGTGTATAGTAATATTCTTGTAGCCATGGCTATCCTTATTATTTTATGTTGTCTTTTGACGATTATTGTATTTAAACGTTCTGAAAAGCAGTTTGAATAG,80.0,80.0
tetM_13_AM990992,tetM_13,RESISTANT,TCY,ATGAAAATTATTAATATTGGAGTTTTAGCTCATGTTGATGCAGGAAAAACTACCTTAACAGAAAGCTTATTATATAACAGTGGAGCGATTACAGAATTAGGAAGCGTGGACAAAGGTACAACGAGGACGGATAATACGCTTTTAGAACGTCAGAGAGGAATTACAATTCAGACAGGAATAACCTCTTTTCAGTGGGAAAATACGAAGGTGAACATCATAGACACGCCAGGACATATGGATTTCTTAGCAGAAGTATATCGTTCATTATCAGTTTTAGATGGGGCAATTCTACTGATTTCTGCAAAAGATGGCGTACAAGCACAAACTCGTATATTATTTCATGCACTTAGGAAAATGGGGATTCCCACAATCTTTTTTATCAATAAGATTGACCAAAATGGAATTGATTTATCAACGGTTTATCAGGATATTAAAGAGAAACTTTCTGCCGAAATTGTAATCAAACAGAAGGTAGAACTGTATCCTAATATGTGTGTGACGAACTTTACCGAATCTGAACAATGGGATACGGTAATAGAGGGAAACGATGACCTTTTAGAGAAATATATGTCCGGTAAATCATTAGAAGCATTGGAACTCGAACAAGAGGAAAGCATAAGATTTCAGAATTGTTCTCTGTTCCCTCTTTATCATGGAAGTGCAAAAAGTAATATAGGGATTGATAACCTTATAGAAGTTATTACTAATAAATTTTATTCATCAACACATCGAGGTCCGTCTGAACTTTGCGGAAATGTTTTCAAAATTGAATATACAAAAAAAAGACAACGTCTTGCATATATACGCCTTTATAGTGGAGTACTACATTTACGAGATTCGGTTAGAGTATCAGAAAAAGAAAAAATAAAAGTTACAGAAATGTATACTTCAATAAATGGTGAATTATGTAAGATTGATAGAGCTTATTCTGGAGAAATTGTTATTTTGCAAAATGAGTTTTTGAAGTTAAATAGTGTTCTTGGAGATACAAAACTATTGCCACAGAGAAAAAAGATTGAAAATCCGCACCCTCTACTACAAACAACTGTTGAACCGAGTAAACCTGAACAGAGAGAAATGTTGCTTGATGCCCTTTTGGAAATCTCAGATAGTGATCCGCTTCTACGATATTACGTGGATTCTACGACACATGAAATTATACTTTCTTTCTTAGGGAAAGTACAAATGGAAGTGATTAGTGCACTGTTGCAAGAAAAGTATCATGTGGAGATAGAACTAAAAGAGCCTACAGTCATTTATATGGAGAGACCGTTAAAAAATGCAGAATATACCATTCACATCGAAGTGCCGCCAAATCCTTTCTGGGCTTCCATTGGTTTATCTGTATCACCGCTTCCGTTGGGAAGTGGAATGCAGTATGAGAGCTCGGTTTCTCTTGGATACTTAAATCAATCGTTTCAAAATGCAGTTATGGAGGGGATACGCTATGGCTGTGAACAAGGATTGTATGGTTGGAATGTGACGGACTGTAAAATCTGTTTTAAGTATGGCTTATACTATAGCCCTGTTAGTACCCCAGCAGATTTTCGGATGCTTGCTCCTATTGTATTGGAACAAGTCTTAAAAAAAGCTGGAACAGAATTGTTAGAGCCATATCTTAGTTTTAAAATTTATGCGCCACAGGAATATCTTTCACGAGCATACAACGATGCTCCTAAATATTGTGCGAACATCGTAGACACTCAATTGAAAAATAATGAGGTCATTCTTAGTGGAGAAATCCCTGCTCGGTGTATTCAAGAATATCGTAGTGATTTAACTTTCTTTACAAATGGACGTAGTGTTTGTTTAACAGAGTTAAAAGGGTACCATGTTACTACCGGTGAACCTGTTTGCCAGCCCCGTCGTCCAAATAGTCGGATAGATAAAGTACGATATATGTTCAATAAAATAACTTAG,80.0,80.0
tetM_2_X90939,tetM_2,RESISTANT,TCY,ATGAAAATTATTAATATTGGAGTTTTAGCTCATGTTGATGCGGGAAAAACTACCTTAACAGAAAGCTTATTATATAACAGTGGAGCGATTACAGAATTAGGAAGCGTGGACAAAGGTACAACGAGGACGGATAATACGCTTTTAGAACGTCAGAGAGGAATTACAATTCAGACAGGAATAACCTCTTTTCAGTGGGAAAATACGAAGGTGAACATCATAGACACGCCAGGACATATGGATTTCTTAGCAGAAGTATATCGTTCATTATCAGTTTTAGATGGGGCAATTCTACTGATTTCTGCAAAAGATGGCGTACAAGCACAAACTCGTATATTATTTCATGCACTTAGGAAAATGGGGATTCCCACAATCTTTTTTATCAATAAGATTGACCAAAATGGAATTGATTTATCAACGGTTTATCAGGATATTAAAGAGAAACTTTCTGCCGAAATTGTAATCAAACAGAAGGTAGAACTGTATCCTAATATGTGTGTGACGAACTTTACCGAATCTGAACAATGGGATACGGTAATAGAGGGAAACGATGACCTTTTAGAGAAATATATGTCCGGTAAATCATTAGAAGCATTGGAACTCGAACAAGAGGAAAGCATAAGATTTCATAATTGTTCCCTGTTCCCTGTTTATCACGGAAGTGCAAAAAACAATATAGGGATTGATAACCTTATAGAAGTGATTACGAATAAATTTTATTCATCAACACATCGAGGTCAGTCTGAACTTTGCGGAAAAGTTTTCAAAATTGAGTATTCGGAAAAAAGACAGCGTCTTGCATATATACGTCTTTATAGTGGCGTACTGCATTTGCGAGATTCGGTTAGAATATCGGAAAAGGAAAAAATAAAAATTACAGAAATGTATACTTCAATAAATGGTGAATTATGTAAAATCGATAAGGCTTATTCCGGGGAAATTGTTATTTTGCAGAATGAGTTTTTGAAGTTAAATAGTGTTCTTGGAGATACAAAGCTATTGCCACAGAGAGAGAGAATTGAAAATCCCCTCCCTCTGCTGCAAACGACTGTTGAACCGAGCAAACCTCAACAAAGGGAAATGTTACTTGATGCACTTTTAGAAATCTCCGACAGTGACCCGCTTCTGCGATATTATGTGGATTCTGCGACACATGAAATCATACTTTCTTTCTTAGGGAAAGTACAAATGGAAGTGACTTGTGCTCTGCTGCAAGAAAAGTATCATGTGGAGATAGAAATAAAAGAGCCTACAGTCATTTATATGGAAAGACCGTTAAAAAAAGCAGAGTATACCATTCACATCGAAGTTCCACCGAATCCTTTCTGGGCTTCCATTGGTTTATCTGTATCACCGCTTCCGTTGGGAAGTGGAATGCAGTATGAGAGCTCGGTTTCTCTTGGATACTTAAATCAATCATTTCAAAATGCAGTTATGGAAGGGATACGCTATGGCTGTGAACAAGGATTGTATGGTTGGAATGTGACGGACTGTAAAATCTGTTTTAAGTATGGCTTATACTATAGCCCTGTTAGTACCCCAGCAGATTTTCGGATGCTTGCTCCTATTGTATTGGAACAAGTCTTAAAAAAAGCTGGAACAGAATTGTTAGAGCCATATCTTAGTTTTAAAATTTATGCGCCACAGGAATATCTTTCACGAGCATACACCGATGCTCCTAAATATTGTGCGAACATCGTAGACACTCAATTGAAAAATAATGAGGTCATTCTTAGTGGAGAAATCCCTGCTCGGTGTATTCAAGAATATCGTAGTGATTTAACTTTCTTTACAAATGGACGTAGTGTTTGTTTAACAGAGTTAAAAGGGTACCATGTTACTACCGGTGAACCTGTTTGCCAGCCCCGTCGTCCAAATAGTCGGATAGATAAAGTACGATATATGTTCAATAAAATAACTTAG,80.0,80.0
tetM_4_X75073,tetM_4,RESISTANT,TCY,ATGAAAATTATTAATATTGGAGTTTTAGCTCATGTTGATGCAGGAAAAACTACCTTAACAGAAAGCTTATTATATAACAGTGGAGCGATTACAGAATTAGGAAGCGTGGACAAAGGTACAACGAGGACGGATAATACGCTTTTAGAACGTCAGAGAGGAATTACAATTCAGACAGGAATAACCTCTTTTCAGTGGGAAAATACGAAGGTGAACATCATAGACACGCCAGGACATATGGATTTCTTAGCAGAAGTATATCGTTCATTATCAGTTTTAGATGGGGCAATTCTACTGATTTCTGCAAAAGATGGCGTACAAGCACAAACTCGTATATTATTTCATGCACTTAGGAAAATGGGGATTCCCACAATCTTTTTTATCAATAAGATTGACCAAAATGGAATTGATTTATCAACGGTTTATCAGGATATTAAAGAGAAACTTTCTGCCGAAATTGTAATCAAACAGAAGGTAGAACTGTATCCTAATATGTGTGTGACGAACTTTACCGAATCTGAACAATGGGATACGGTAATAGAGGGAAACGATGACCTTTTAGAGAAATATATGTCCGGTAAATCATTAGAAGCATTGGAACTCGAACAAGAGGAAAGCATAAGATTTCATAATTGTTCCCTGTTCCCTGTTTATCACGGAAGTGCAAAAAACAATATAGGGATTGATAACCTTATAGAAGTGATTACGAATAAATTTTATTCATCAACACATCGAGGTCCGTCTGAACTTTGCGGAAATGTTTTCAAAATTGAATATACAAAAAAAAGACAACGTCTTGCATATATACGCCTTTATAGTGGAGTACTACATTTACGAGATTCGGTTAGAGTATCAGAAAAAGAAAAAATAAAAGTTACAGAAATGTATACTTCAATAAATGGTGAATTATGTAAGATTGATAGAGCTTATTCTGGAGAAATTGTTATTTTGCAAAATGAGTTTTTGAAGTTAAATAGTGTTCTTGGAGATACAAAACTATTGCCACAGAGAAAAAAGATTGAAAATCCGCACCCTCTACTACGAACAACTGTTGAACCGAGTAAACCTGAACAGAGAGAAATGTTGCTTGATGCCCTTTTGGAAATCTCAGATAGTGATCCGCTTCTACGATATTACGTGGATTCTACGACACATGAAATTATACTTTCTTTCTTAGGGAAAGTACAAATGGAAGTGATTAGTGCACTGTTGCAAGAAAAGTATCATGTGGAGATAGAACTAAAAGAGCCTACAGTCATTTATATGGAGAGACCGTTAAAAAATGCAGAATATACCATTCACATCGAAGTGCCGCCAAATCCTTTCTGGGCTTCCATTGGTTTATCTGTATCACCGCTTCCGTTGGGAAGTGGAATGCAGTATGAGAGCTCGGTTTCTCTTGGATACTTAAATCAATCATTTCAAAATGCAGTTATGGAAGGGATACGCTATGGTTGCGAACAAGGATTATATGGTTGGAATGTGACGGATTGTAAAATCTGTTTTAAGTATGGCTTATACTATAGCCCTGTTAGTACCCCAGCAGATTTTCGGATGCTTGCTCCTATTGTATTGGAACAAGTCTTAAAAAAAGCTGGAACAGAATTGTTAGAGCCATATCTTAGTTTTAAAATTTATACGCCACAGGAATATCTTTCACGAGCATACAACGATGCTCCTAAATATTGTGCGAACATCGTAGACACTCAATTGAAAAATAATGAGGTCATTCTTAGTGGAGAAATCCCTGCTCGGTGTATTCAAGAATATCGTAGTGATTTAACTTTCTTTACAAATGGACGTAGTGTTTGTTTAACAGAGTTAAAAGGGTACCATGTTACTACCGGTGAACCTGTTTGCCAGCCCCGTCGTCCAAATAGTCGGATAGATAAAGTACGATATATGTTCAATAAAATAACTTAG,80.0,80.0
tetM_5_U58985,tetM_5,RESISTANT,TCY,ATGAAAATTATTAATATTGGAGTTTTAGCTCATGTTGATGCAGGAAAAACTACCTTAACAGAAAGCTTATTATATAACAGTGGAGCGATTACAGAATTAGGAAGCGTGGACAAAGGTACAACGAGGACGGATAATACGCTTTTAGAACGTCAGAGAGGAATTACAATTCAGACAGGAATAACCTCTTTTCAGTGGGAAAATACGAAGGTGAACATCATAGACACGCCAGGACATATGGATTTCTTAGCAGAAGTATATCGTTCATTATCAGTTTTAGATGGGGCAATTCTACTGATTTCTGCAAAAGATGGCGTACAAGCACAAACTCGTATATTATTTCATGCACTTAGGAAAATGGGGATTCCCACAATCTTTTTTATCAATAAGATTGACCAAAATGGAATTGATTTATCAACGGTTTATCAGGATATTAAAGAGAAACTTTCTGCCGAAATTGTAATCAAACAGAAGGTAGAACTGTATCCTAATATGTGTGTGACGAACTTTACCGAATCTGAACAATGGGATACGGTAATAGAGGGAAACGATGACCTTTTAGAGAAATATATGTCCGGTAAATCATTAGAAGCATTGGAACTCGAACAAGAGGAAAGCATAAGATTTCAGAATTGTTCTCTGTTCCCTCTTTATCATGGAAGTGCAAAAAGTAATATAGGGATTGATAACCTTATAGAAGTTATTACTAATAAATTTTATTCATCAACACATCGAGGTCCGTCTGAACTTTGCGGAAATGTTTTCAAAATTGAATATACAAAAAAAAGACAACGTCTTGCATATATACGTCTTTATAGTGGAGTACTACATTTACGAGATTCGGTTAGAATATCGGAAAAGGAAAAAATAAAAATTACAGAAATGTATACTTCAATAAATGGTGAATTATGTAAAATCGATAAGGCTTATTCTGGAGAAATTGTTATTTTGCAAAATGAGTTTTTGAAGTTAAATAGTGTTCTTGGAGATACAAAACTATTGCCACAGAGAAAAAGAATTGAAAATCCGCACCCTCTACTACAAACAACTGTTGAACCGAGTAAACCTGAACAGAGAGAAATGTTGCTTGATGCCCTTTTGGAAATCTCAGATAGTGATCCGCTTCTACGATATTACGTGGATTCTACGACACATGAAATTATACTTTCTTTCTTAGGGAAAGTACAAATGGAAGTGATTAGTGCACTGTTGCAAGAAAAGTATCATGTGGAGATAGAACTAAAAGAGCCTACAGTCATTTATATGGAGAGACCGTTAAAAAATGCAGAATATACCATTCACATCGAAGTGCCGCCAAATCCTTTCTGGGCTTCCATTGGTTTATCTGTATCACCGCTTCCGTTGGGAAGTGGAATGCAGTATGAGAGCTCGGTTTCTCTTGGATACTTAAATCAATCATTTCAAAATGCAGTTATGGAAGGGATACGCTATGGTTGCGAACAAGGATTATATGGTTGGAATGTGACGGACTGTAAAATCTGTTTTAAGTATGGCTTATACTATAGCCCTGTTAGTACCCCAGCAGATTTTCGGATGCTTGCTCCTATTGTATTGGAACAAGTCTTAAAAAAAGCTGGAACAGAATTGTTAGAGCCATATCTTAGTTTTAAAATTTATGCGCCACAGGAATATCTTTCACGAGCATACAACGATGCTCCTAAATATTGTGCGAACATCGTAGACACTCAATTGAAAAATAATGAGGTCATTCTTAGTGGAGAAATCCCTGCTCGGTGTATTCAAGAATATCGTAGTGATTTAACTTTCTTTACAAATGGACGTAGTGTTTGTTTAACAGAGTTAAAAGGGTACCATGTTACTACCGGTGAACCTGTTTGCCAGCCCCGTCGTCCAAATAGTCGGATAGATAAAGTACGATATATGTTCAATAAAATAACTTAG,80.0,80.0
tetM_8_X04388,tetM_8,RESISTANT,TCY,ATGAAAATTATTAATATTGGAGTTTTAGCTCATGTTGATGCGGGAAAAACTACCTTAACAGAAAGCTTATTATATAACAGTGGAGCGATTACAGAATTAGGAAGCGTGGACAGAGGTACAACGAAAACGGATAATACGCTTTTAGAACGTCAGAGAGGAATTACAATTCAGACGGCGATAACCTCTTTTCAGTGGAAAAATACTAAGGTGAACATCATAGACACGCCAGGACATATGGATTTTTTAGCAGAAGTATATCGTTCATTATCAGTATTAGATGGGGCAATTCTACTGATTTCTGCAAAAGATGGCGTACAAGCACAAACTCGTATATTGTTTCATGCACTTAGGAAAATAGGTATTCCCACAATCTTTTTTATCAATAAGATTGACCAAAATGGAATTGATTTATCAACGGTTTATCAGGATATTAAAGAGAAACTTTCTGCGGAAATTGTAATCAAACAGAAGGTAGAACTGCATCCTAATATGCGTGTAATGAACTTTACCGAATCTGAACAATGGGATATGGTAATAGAAGGAAATGATTACCTTTTGGAGAAATATACGTCTGGGAAATTATTGGAAGCATTAGAACTCGAACAAGAGGAAAGCATAAGATTTCATAATTGTTCCCTGTTCCCTGTTTATCACGGAAGTGCAAAAAACAATATAGGGATTGATAACCTTATAGAAGTGATTACGAATAAATTTTATTCATCAACACATCGAGGTCAGTCTGAACTTTGCGGAAAAGTTTTCAAAATTGAGTATTCGGAAAAAAGACAGCGTCTTGCATATATACGTCTTTATAGTGGCGTACTGCATTTGCGAGATCCGGTTAGAATATCGGAAAAGGAAAAAATAAAAATTACAGAAATGTATACTTCAATAAATGGTGAATTATGTAAAATCGATAAGGCTTATTCCGGGGAAATTGTTATTTTGCAGAATGAGTTTTTGAAGTTAAATAGTGTTCTTGGAGATACAAAGCTATTGCCACAGAGAGAGAGAATTGAAAATCCCCTCCCTCTGCTGCAAACGACTGTTGAACCGAGCAAACCTCAACAAAGGGAAATGTTACTTGATGCACTTTTAGAAATCTCCGACAGTGACCCGCTTCTGCGATATTATGTGGATTCTGCGACACATGAAATCATACTTTCTTTCTTAGGGAAAGTACAAATGGAAGTGACTTGTGCTCTGCTGCAAGAAAAGTATCATGTGGAGATAGAAATAAAAGAGCCTACAGTCATTTATATGGAAAGACCGTTAAAAAAAGCAGAGTATACCATTCACATCGAAGTTCCACCGAATCCTTTCTGGGCTTCCATTGGTCTATCTGTAGCACCGCTTCCATTAGGGAGCGGAGTACAGTATGAGAGCTCGGTTTCTCTTGGATACTTAAATCAATCGTTTCAAAATGCAGTTATGGAGGGGATACGCTATGGCTGTGAACAAGGATTGTATGGTTGGAATGTGACGGACTGTAAAATCTGTTTTAAGTATGGCTTATACTATAGCCCTGTTAGTACCCCAGCAGATTTTCGGATGCTTGCTCCTATTGTATTGGAACAAGTCTTAAAAAAAGCTGGAACAGAATTGTTAGAGCCATATCTTAGTTTTAAAATTTATGCGCCACAGGAATATCTTTCACGAGCATACAACGATGCTCCTAAATATTGTGCGAACATCGTAGACACTCAATTGAAAAATAATGAGGTCATTCTTAGTGGAGAAATCCCTGCTCGGTGTATTCAAGAATATCGTAGTGATTTAACTTTCTTTACAAATGGACGTAGTGTTTGTTTAACAGAGTTAAAAGGGTACCATGTTACTACCGGTGAACCTGTTTGCCAGCCCCGTCGTCCAAATAGTCGGATAGATAAAGTACGATATATGTTCAATAAAATAACTTAG,80.0,80.0
