Gene_name,Resistance_group,Effect,Resistance_profile,Sequence,Threshold
TEM-1,,RESISTANT,AMP,ATGAGTATTCAACATTTTCGTGTCGCCCTTATTCCCTTTTTTGCGGCATTTTGCCTTCCTGTTTTTGCTCACCCAGAAACGCTGGTGAAAGTAAAAGATGCTGAAGATCAGTTGGGTGCACGAGTGGGTTACATCGAACTGGATCTCAACAGCGGTAAGATCCTTGAGAGTTTTCGCCCCGAAGAACGTTTTCCAATGATGAGCACTTTTAAAGTTCTGCTATGTGGTGCGGTATTATCCCGTGTTGACGCCGGGCAAGAGCAACTCGGTCGCCGCATACACTATTCTCAGAATGACTTGGTTGAGTACTCACCAGTCACAGAAAAGCATCTTACGGATGGCATGACAGTAAGAGAATTATGCAGTGCTGCCATAACCATGAGTGATAACACTGCGGCCAACTTACTTCTGACAACGATCGGAGGACCGAAGGAGCTAACCGCTTTTTTGCACAACATGGGGGATCATGTAACTCGCCTTGATCGTTGGGAACCGGAGCTGAATGAAGCCATACCAAACGACGAGCGTGACACCACGATGCCTGCAGCAATGGCAACAACGTTGCGCAAACTATTAACTGGCGAACTACTTACTCTAGCTTCCCGGCAACAATTAATAGACTGGATGGAGGCGGATAAAGTTGCAGGACCACTTCTGCGCTCGGCCCTTCCGGCTGGCTGGTTTATTGCTGATAAATCTGGAGCCGGTGAGCGTGGGTCTCGCGGTATCATTGCAGCACTGGGGCCAGATGGTAAGCCCTCCCGTATCGTAGTTATCTACACGACGGGGAGTCAGGCAACTATGGATGAACGAAATAGACAGATCGCTGAGATAGGTGCCTCACTGATTAAGCATTGGTAA,80,80.0
OXA-1,,RESISTANT,AMP,ATGAAAAACACAATACATATCAACTTCGCTATTTTTTTAATAATTGCAAATATTATCTACAGCAGCGCCAGTGCATCAACAGATATCTCTACTGTTGCATCTCCATTATTTGAAGGAACTGAAGGTTGTTTTTTACTTTACGATGCATCCACAAACGCTGAAATTGCTCAATTCAATAAAGCAAAGTGTGCAACGCAAATGGCACCAGATTCAACTTTCAAGATCGCATTATCACTTATGGCATTTGATGCGGAAATAATAGATCAGAAAACCATATTCAAATGGGATAAAACCCCCAAAGGAATGGAGATCTGGAACAGCAATCATACACCAAAGACGTGGATGCAATTTTCTGTTGTTTGGGTTTCGCAAGAAATAACCCAAAAAATTGGATTAAATAAAATCAAGAATTATCTCAAAGATTTTGATTATGGAAATCAAGACTTCTCTGGAGATAAAGAAAGAAACAACGGATTAACAGAAGCATGGCTCGAAAGTAGCTTAAAAATTTCACCAGAAGAACAAATTCAATTCCTGCGTAAAATTATTAATCACAATCTCCCAGTTAAAAACTCAGCCATAGAAAACACCATAGAGAACATGTATCTACAAGATCTGGATAATAGTACAAAACTGTATGGGAAAACTGGTGCAGGATTCACAGCAAATAGAACCTTACAAAACGGATGGTTTGAAGGGTTTATTATAAGCAAATCAGGACATAAATATGTTTTTGTGTCCGCACTTACAGGAAACTTGGGGTCGAATTTAACATCAAGCATAAAAGCCAAGAAAAATGCGATCACCATTCTAAACACACTAAATTTATAA,80,80.0
OXA-7,,RESISTANT,AMP,ATGAAAACATTTGCCGCATATGTAATTACTGCGTGTCTTTCAAGTACGGCATTAGCTAGTTCAATTACAGAAAATACGTTTTGGAACAAAGAGTTCTCTGCCGAAGCCGTCAATGGTGTTTTCGTGCTTTGTAAAAGTAGCAGTAAATTAGCCTGCGCTACCAATAACTTAGCTCGTGCATCAAAGGAATATCTTCCAGCATCAACATTTAAGATCCCCAACGCAATTATCGGCCTAGAAACTGGTGTCATAAAGAATGAGCATCAGATTTTCAAATGGGACGGAAAGCCAAGAGCCATGAAACAATGGGAAAGAGACTTGAGCTTAAGAGGGGCAATACAAGTTTCAGCGGTTCCCGTATTTCAACAAATCGCCAGAGAAGTTGGCGAAGTAAGAATGCAGAAATATCTTAAAAAATTTTCATATGGTAACCAGAATATCAGTGGTGGCATTGACAAATTCTGGTTGGAGGGTCAGCTTAGAATTTCCGCAGTTAATCAAGTGGAGTTTCTAGAGTCTCTATTTTTAAATAAATTGTCAGCATCAAAAGAAAATCAGCTAATAGTAAAAGAGGCTTTGGTAACGGAGGCGCCTGAATATCTTGTGCATTCAAAAACTGGTTTTTCTGGTGTGGGAACTGAGTCAAATCCTGGTGTCGCATGGTGGGTTGGTTGGGTTGAGAAGGGAGCAGAGGTTTACTTTTTCGCCTTTAACATGGATATAGACAACGAAAATAAGTTGCCGCTAAGAAAATCCATTCCCACCAAAATCATGGCAAGTGAGGGCATCATTGGTGGCTAA,80,80.0
OXA-23,,RESISTANT,AMP,ATGAATAAATATTTTACTTGCTATGTGGTTGCTTCTCTTTTTCTTTCTGGTTGTACGGTTCAGCATAATTTAATAAATGAAACCCCGAGTCAGATTGTTCAAGGACATAATCAGGTGATTCATCAATACTTTGATGAAAAAAACACCTCAGGTGTGCTGGTTATTCAAACAGATAAAAAAATTAATCTATATGGTAATGCTCTAAGCCGCGCAAATACAGAATATGTGCCAGCCTCTACATTTAAAATGTTGAATGCCCTGATCGGATTGGAGAACCAGAAAACGGATATTAATGAAATATTTAAATGGAAGGGCGAGAAAAGGTCATTTACCGCTTGGGAAAAAGACATGACACTAGGAGAAGCCATGAAGCTTTCTGCAGTCCCAGTCTATCAGGAACTTGCGCGACGTATCGGTCTTGATCTCATGCAAAAAGAAGTAAAACGTATTGGTTTCGGTAATGCTGAAATTGGACAGCAGGTTGATAATTTCTGGTTGGTAGGACCATTAAAGGTTACGCCTATTCAAGAGGTAGAGTTTGTTTCCCAATTAGCACATACACAGCTTCCATTTAGTGAAAAAGTGCAGGCTAATGTAAAAAATATGCTTCTTTTAGAAGAGAGTAATGGCTACAAAATTTTTGGAAAGACTGGTTGGGCAATGGATATAAAACCACAAGTGGGCTGGTTGACCGGCTGGGTTGAGCAGCCAGATGGAAAAATTGTCGCTTTTGCATTAAATATGGAAATGCGGTCAGAAATGCCGGCATCTATACGTAATGAATTATTGATGAAATCATTAAAACAGCTGAATATTATTTAA,80,80.0
beta-lactamase_class-C,,RESISTANT,CEP,ATGAGTTATCTATTTTTGTCGTGTACAGAGGAGCTAATCATGCGATTTAAAAAAATTTCTTGTCTACTTTTATCCCCGCTTTTTATTTTTAGTACCTCAATTTATGCGGGCAATACACCAAAAGACCAAGAAATTAAAAAACTGGTAGATCAAAACTTTAAACCGTTATTAGAAAAATATGATGTGCCAGGTATGGCTGTGGGTGTTATTCAAAATAATAAAAAGTATGAAATGTATTATGGTCTTCAATCTGTTCAAGATAAAAAAGCCGTAAATCGCAGTACCATTTTTGAGCTAGGTTCTGTCAGTAAATTATTTACCGCGACAGCAGGTGGATATGCAAAAAATAAAGGAAAAATCTCTTTTGACGATACGCCTGGTAAATATTGGAAAGAACTAAAAAACACACCGATTGACCAAGTTAACTTACTTCAACTCGCGACGTATACAAGTGGTAACCTTGCCTTGCAGTTTCCAGATGAAGTACAAACAGACCAACAAGTTTTAACTTTTTTCAAAGACTGGCAACCTAAAAACCCAATCGGTGAATACAGACAATATTCAAATCCAAGTATTGGCCTATTTGGAAAGGTTGTGGCTTTGTCTATGAATAAACCTTTCGACCAAGTCTTAGAAAAAACAATTTTTCCGGCCCTTGGCTTAAAACATAGCTATGTAAATGTACCTAAGACCCAGATGCAAAACTATGCATTTGGTTATAACCAAGAAAATCAGCCGATTCGAGTTAACCCCGGCCCACTCGATGCCCCTGCATATGGCGTCAAATCGACACTACCCGACATGTTGAGTTTTATTCATGCCAACCTTAACCCACAGAAATATCCGGCTGATATTCAACGGGCAATTAATGAAACACATCAAGGGTTCTATCAAGTAAATACCATGTATCAGGCACTCGGTTGGGAAGAGTTTTCTTATCCGGCAACGTTACAAACTTTATTAGACAGTAATTCAGAACAGATTGTGATGAAACCTAATAAAGTGACTGCTATTTCAAAGGAACCTTCAGTTAAGATGTACCATAAAACTGGCTCAACCAACGGTTTCGGAACATATGTAGTGTTTATTCCTAAAGAAAATATTGGCTTAGTCATGTTAACCAATAAACGTATTCCAAATGAAGAGCGCATTAAGGCAGCTTATGCTGTGCTGGATGCAATAAAGAAATAA,80,80.0
CTX-M-15,,RESISTANT,CEP,ATGGTTAAAAAATCACTGCGCCAGTTCACGCTGATGGCGACGGCAACCGTCACGCTGTTGTTAGGAAGTGTGCCGCTGTATGCGCAAACGGCGGACGTACAGCAAAAACTTGCCGAATTAGAGCGGCAGTCGGGAGGCAGACTGGGTGTGGCATTGATTAACACAGCAGATAATTCGCAAATACTTTATCGTGCTGATGAGCGCTTTGCGATGTGCAGCACCAGTAAAGTGATGGCCGCGGCCGCGGTGCTGAAGAAAAGTGAAAGCGAACCGAATCTGTTAAATCAGCGAGTTGAGATCAAAAAATCTGACCTTGTTAACTATAATCCGATTGCGGAAAAGCACGTCAATGGGACGATGTCACTGGCTGAGCTTAGCGCGGCCGCGCTACAGTACAGCGATAACGTGGCGATGAATAAGCTGATTGCTCACGTTGGCGGCCCGGCTAGCGTCACCGCGTTCGCCCGACAGCTGGGAGACGAAACGTTCCGTCTCGACCGTACCGAGCCGACGTTAAACACCGCCATTCCGGGCGATCCGCGTGATACCACTTCACCTCGGGCAATGGCGCAAACTCTGCGGAATCTGACGCTGGGTAAAGCATTGGGCGACAGCCAACGGGCGCAGCTGGTGACATGGATGAAAGGCAATACCACCGGTGCAGCGAGCATTCAGGCTGGACTGCCTGCTTCCTGGGTTGTGGGGGATAAAACCGGCAGCGGTGGCTATGGCACCACCAACGATATCGCGGTGATCTGGCCAAAAGATCGTGCGCCGCTGATTCTGGTCACTTACTTCACCCAGCCTCAACCTAAGGCAGAAAGCCGTCGCGATGTATTAGCGTCGGCGGCTAAAATCGTCACCGACGGTTTGTAA,80,80.0
SHV-12,,RESISTANT,CEP,ATGCGTTATATTCGCCTGTGTATTATCTCCCTGTTAGCCACCCTGCCGCTGGCGGTACACGCCAGCCCGCAGCCGCTTGAGCAAATTAAACAAAGCGAAAGCCAGCTGTCGGGCCGCGTAGGCATGATAGAAATGGATCTGGCCAGCGGCCGCACGCTGACCGCCTGGCGCGCCGATGAACGCTTTCCCATGATGAGCACCTTTAAAGTAGTGCTCTGCGGCGCAGTGCTGGCGCGGGTGGATGCCGGTGACGAACAGCTGGAGCGAAAGATCCACTATCGCCAGCAGGATCTGGTGGACTACTCGCCGGTCAGCGAAAAACACCTTGCCGACGGCATGACGGTCGGCGAACTCTGCGCCGCCGCCATTACCATGAGCGATAACAGCGCCGCCAATCTGCTGCTGGCCACCGTCGGCGGCCCCGCAGGATTGACTGCCTTTTTGCGCCAGATCGGCGACAACGTCACCCGCCTTGACCGCTGGGAAACGGAACTGAATGAGGCGCTTCCCGGCGACGCCCGCGACACCACTACCCCGGCCAGCATGGCCGCGACCCTGCGCAAGCTGCTGACCAGCCAGCGTCTGAGCGCCCGTTCGCAACGGCAGCTGCTGCAGTGGATGGTGGACGATCGGGTCGCCGGACCGTTGATCCGCTCCGTGCTGCCGGCGGGCTGGTTTATCGCCGATAAGACCGGAGCTAGCAAGCGGGGTGCGCGCGGGATTGTCGCCCTGCTTGGCCCGAATAACAAAGCAGAGCGCATTGTGGTGATTTATCTGCGGGATACGCCGGCGAGCATGGCCGAGCGAAATCAGCAAATCGCCGGGATCGGCGCGGCGCTGATCGAGCACTGGCAACGCTAA,80,80.0
CMY-2,,RESISTANT,CEP,ATGATGAAAAAATCGTTATGCTGCGCTCTGCTGCTGACAGCCTCTTTCTCCACATTTGCTGCCGCAAAAACAGAACAACAGATTGCCGATATCGTTAATCGCACCATCACCCCGTTGATGCAGGAGCAGGCTATTCCGGGTATGGCCGTTGCCGTTATCTACCAGGGAAAACCCTATTATTTCACCTGGGGTAAAGCCGATATCGCCAATAACCACCCAGTCACGCAGCAAACGCTGTTTGAGCTAGGATCGGTTAGTAAGACGTTTAACGGCGTGTTGGGCGGCGATGCTATCGCCCGCGGCGAAATTAAGCTCAGCGATCCGGTCACGAAATACTGGCCAGAACTGACAGGCAAACAGTGGCAGGGTATCCGCCTGCTGCACTTAGCCACCTATACGGCAGGCGGCCTACCGCTGCAGATCCCCGATGACGTTAGGGATAAAGCCGCATTACTGCATTTTTATCAAAACTGGCAGCCGCAATGGACTCCGGGCGCTAAGCGACTTTACGCTAACTCCAGCATTGGTCTGTTTGGCGCGCTGGCGGTGAAACCCTCAGGAATGAGTTACGAAGAGGCAATGACCAGACGCGTCCTGCAACCATTAAAACTGGCGCATACCTGGATTACGGTTCCGCAGAACGAACAAAAAGATTATGCCTGGGGCTATCGCGAAGGGAAGCCCGTACACGTTTCTCCGGGACAACTTGACGCCGAAGCCTATGGCGTGAAATCCAGCGTTATTGATATGGCCCGCTGGGTTCAGGCCAACATGGATGCCAGCCACGTTCAGGAGAAAACGCTCCAGCAGGGCATTGCGCTTGCGCAGTCTCGCTACTGGCGTATTGGCGATATGTACCAGGGATTAGGCTGGGAGATGCTGAACTGGCCGCTGAAAGCTGATTCGATCATCAACGGCAGCGACAGCAAAGTGGCATTGGCAGCGCTTCCCGCCGTTGAGGTAAACCCGCCCGCCCCCGCAGTGAAAGCCTCATGGGTGCATAAAACGGGCTCCACTGGTGGATTAGGCAGCTACGTAGCCTTCGTTCCAGAAAAAAACCTTGGCATCGTGATGCTGGCAAACAAAAGCTATCCTAACCCTGTCCGTGTCGAGGCGGCCTGGCGCATTCTTGAAAAGCTGCAATAA,80,80.0
qnr-S,,RESISTANT,CIP,ATGGAAACCTACAATCATACATATCGGCACCACAACTTTTCACATAAAGACTTAAGTGATCTCACCTTCACCGCTTGCACATTCATTCGCAGCGACTTTCGACGTGCTAACTTGCGTGATACGACATTCGTCAACTGCAAGTTCATTGAACAGGGTGATATCGAAGGCTGCCACTTTGATGCCGCAGATCTTCGTGATGCAAGTTTCCAACAATGCCAACTTGCGATGGCAAACTTCAGTAATGCCAATTGCTACGGTATAGAGTTCCGTGCGTGTGATTTAAAAGGTGCCAACTTTTCCCGAACAAACTTTGCCCATCAAGTGAGTAATCGTATGTACTTTTGCTCAGCATTTATTTCTGGATGTAATCTTTCCTATGCCAATATGGAGAGGGTTTGTTTAGAAAAATGTGAGTTGTTTGAAAATCGCTGGATAGGAACGAACCTAGCGGGTGCATCACTGAAAGAGTCAGACTTAAGTCGAGGTGTTTTTTCCGAAGATGTCTGGGGGCAATTTAGCCTACAGGGTGCCAATTTATGCCACGCCGAACTCGACGGTTTAGATCCCCGCAAAGTCGATACATCAGGTATCAAAATTGCAGCCTGGCAGCAAGAACTGATTCTCGAAGCACTGGGTATTGTTGTTTATCCTGACTAA,80,80.0
qnrA,,RESISTANT,CIP,GATTTGAGTGACAGCCGTTTTCGCCGCTGCCGCTTTTATCAGTGTGACTTCAGCCACTGTCAGCTGCAGGATGCCAGTTTCGAGGATTGCAGTTTCATTGAAAGCGGCGCCGTTGAAGGGTGTCACTTCAGCTATGCCGATCTGCGCGATGCCAGTTTCAAGGCCTGCCGTCTGTCTTTGGCCAACTTCAGCGGTGCCAACTGCTTTGGCATAGAGTTCAGGGAGTGCGATCTCAAGGGCGCCAACTTTTCCCGGGCCCGCTTCTACAATCAAGTCAGCCATAAGATGTACTTCTGCTCGGCTTATATCTCAGGTTGCAACCTGGCCTATACCAACTTGAGTGGCCAATGCCTGGAAAAATGCGAGCTGTTTGAAAACAACTGGAGCAATGCCAATCTCAGCGGCGCTTCCTTGATGGGCTCAGATCTCAGCCGCGGCACCTTCTCCCGCGACTGTTGGCAACAGGTCAATCTGCGG,80,80.0
qnrB,,RESISTANT,CIP,ATGACGCCATTACTGTATAAAAAAACAGGTACAAATATGGCTCTGGCACTCGTTGGCGAAAAAATTGACAGAAACCGTTTCACCGGTGAGAAAATTGAAAATAGTACATTTTTTAACTGTGATTTTTCAGGTGCCGACCTGAGCGGCACTGAATTTATCGGCTGTCAGTTCTATGATCGTGAAAGCCAGAAAGGGTGCAATTTTAGTCGTGCGATGCTGAAAGATGCCATTTTTAAAAGCTGTGATTTATCCATGGCGGATTTTCGCAATTCCAGTGCGCTGGGCATTGAAATTCGCCACTGCCGCGCACAAGGCGCAGATTTCCGCGGCGCAAGCTTTATGAATATGATCACCACGCGCACCTGGTTTTGTAGCGCATATATCACGAATACCAATCTAAGCTACGCCAATTTTTCGAAAGTCGTGTTGGAAAAGTGTGAGCTGTGGGAAAACCGTTGGATAGGTGCCCAGGTACTGGGCGCGACGTTCAGTGGTTCAGATCTCTCCGGCGGCGAGTTTTCGACTTTCGACTGGCGAGCAGCAAACTTCACACATTGCGATCTGACCAATTCGGAGTTGGGTGACTTAGATATTCGGGGCGTTGATTTACAAGGCGTTAAGTTGGACAACTACCAGGCATCGTTGCTCATGGAGCGACTTGGCATCGCGGTGATTGGTTAG,80,80.0
qnrD,,RESISTANT,CIP,ATGGAAAAGCACTTTATCAATGAAAAGTTTTCACGAGATCAATTTACGGGGAATAGAGTTAAAAATATTGCCTTTTCAAATTGTGATTTTTCAGGGGTTGATTTAACTGATACTGAATTTGTTGATTGTAGTTTTTACGACAGGAATAGCTTGGAAGGGTGTGATTTTAATAGAGCCAAACTAAAAAACGCTAGCTTTAAAAGCTGCGATTTATCAATGAGTAATTTTAAAAACATTAGCGCCTTAGGTCTTGAAATTAGTGAGTGTTTAGCTCAAGGAGCTGATTTTCGAGGGGCTAATTTTATGAATATGATAACTACAAGGTCATGGTTTTGTAGTGCTTATATAACCAAGACAAATCTTAGTTACGCTAATTTTTCTAGAGTCATATTAGAAAAGTGCGAACTGTGGGAAAATCGCTGGAATGGCACTGTGATAACTGGCGCCGTGTTTCGTGGCTCCGATCTTTCTTGTGGGGAGTTTTCATCGTTTGATTGGTCTTTGGCTGATTTTACTGGTTGTGATTTAACGGGTGGGGCGCTTGGCGAGCTTGATGCAAGGCGAATTAATTTAGATGGAGTGAAGTTGGATGGAGAGCAGGCGCTTCAGCTTGTTGAGAGTTTAGGTGTTATTGTTCACCGATAA,80,80.0
aac6-Ib-cr,,RESISTANT,CIP,ATGAGCAACGCAAAAACAAAGTTAGGCATCACAAAGTACAGCATCGTGACCAACAGCAACGATTCCGTCACACTGCGCCTCATGACTGAGCATGACCTTGCGATGCTCTATGAGTGGCTAAATCGATCTCATATCGTCGAGTGGTGGGGCGGAGAAGAAGCACGCCCGACACTTGCTGACGTACAGGAACAGTACTTGCCAAGCGTTTTAGCGCAAGAGTCCGTCACTCCATACATTGCAATGCTGAATGGAGAGCCGATTGGGTATGCCCAGTCGTACGTTGCTCTTGGAAGCGGGGACGGACGGTGGGAAGAAGAAACCGATCCAGGAGTACGCGGAATAGACCAGTTACTGGCGAATGCATCACAACTGGGCAAAGGCTTGGGAACCAAGCTGGTTCGAGCTCTGGTTGAGTTGCTGTTCAATGATCCCGAGGTCACCAAGATCCAAACGGACCCGTCGCCGAGCAACTTGCGAGCGATCCGATGCTACGAGAAAGCGGGGTTTGAGAGGCAAGGTACCGTAACCACCCCATATGGTCCAGCCGTGTACATGGTTCAAACACGCCAGGCATTCGAGCGAACACGCAGTGATGCCTAA,80,80.0
catA1,,RESISTANT,CHL,ATGGAGAAAAAAATCACTGGATATACCACCGTTGATATATCCCAATGGCATCGTAAAGAACATTTTGAGGCATTTCAGTCAGTTGCTCAATGTACCTATAACCAGACCGTTCAGCTGGATATTACGGCCTTTTTAAAGACCGTAAAGAAAAATAAGCACAAGTTTTATCCGGCCTTTATTCACATTCTTGCCCGCCTGATGAATGCTCATCCGGAATTCCGTATGGCAATGAAAGACGGTGAGCTGGTGATATGGGATAGTGTTCACCCTTGTTACACCGTTTTCCATGAGCAAACTGAAACGTTTTCATCGCTCTGGAGTGAATACCACGACGATTTCCGGCAGTTTCTACACATATATTCGCAAGATGTGGCGTGTTACGGTGAAAACCTGGCCTATTTCCCTAAAGGGTTTATTGAGAATATGTTTTTCGTCTCAGCCAATCCCTGGGTGAGTTTCACCAGTTTTGATTTAAACGTGGCCAATATGGACAACTTCTTCGCCCCCGTTTTCACCATGGGCAAATATTATACGCAAGGCGACAAGGTGCTGATGCCGCTGGCGATTCAGGTTCATCATGCCGTTTGTGATGGCTTCCATGTCGGCAGAATGCTTAATGAATTACAACAGTACTGCGATGAGTGGCAGGGCGGGGCGTAA,80,80.0
catQ,,RESISTANT,CHL,ATGAAATTTAATTTGATAGATATTGAGGATTGGAATAGAAAGCCATACTTTGAGCATTATTTAAATGCGGTTAGGTGCACTTACAGTATGACTGCAAATATAGAGATAACTGGTTTACTGCGTGAAATTAAACTTAAGGGCCTGAAACTGTACCCTACGCTTATTTATATCATCACAACTGTGGTTAACCGTCACAAGGAGTTCCGCACCTGTTTTGATCAAAAAGGTAAGTTAGGATACTGGGATAGTATGAACCCAAGTTATACTGTCTTTCATAAGGATAACGAAACTTTTTCAAGTATTTGGACAGAGTATGACGAGAACTTCCCACGTTTTTACTATAATTACCTTGAGGATATTAGAAACTATAGCGACGTTTTGAATTTCATGCCTAAGACAGGTGAACCTGCTAATACAATTAATGTGTCCAGCATTCCTTGGGTGAATTTTACCGGATTCAACCTGAATATATACAATGATGCAACATATCTAATCCCTATTTTTACTTTGGGTAAGTATTTTCAGCAGGATAATAAAATTTTATTACCTATGTCTGTACAGGTGCATCATGCGGTTTGCGACGGTTATCATATAAGCAGATTTTTTAATGAGGCACAGGAATTAGCGTCAAATTATGAGACATGGTTAGGAGAAAAATAA,80,80.0
tetA(A),,RESISTANT,TCY,ATGTCCACCAACTTATCAGTGATAAAGAATCCGCGCGTTCAATCGGACCAGCGGAGGCTGGTCCGGAGGCCAGACGTGAAACCCAACAGACCCCTGATCGTAATTCTGAGCACTGTCGCGCTCGACGCTGTCGGCATCGGCCTGATTATGCCGGTGCTGCCGGGCCTCCTGCGCGATCTGGTTCACTCGAACGACGTCACCGCCCACTATGGCATTCTGCTGGCGCTGTATGCGTTGATGCAATTTGCCTGCGCACCTGTGCTGGGCGCGCTGTCGGATCGTTTCGGGCGGCGGCCGGTCTTGCTCGTCTCGCTGGCCGGCGCTGCTGTCGACTACGCCATCATGGCGACGGCGCCTTTCCTTTGGGTTCTCTATATCGGGCGGATCGTGGCCGGCATCACCGGGGCGACTGGGGCGGTAGCCGGCGCTTATATTGCCGATATCACTGATGGCGATGAGCGCGCGCGGCACTTCGGCTTCATGAGCGCCTGTTTCGGGTTCGGGATGGTCGCGGGACCTGTGCTCGGTGGGCTGATGGGCGGTTTCTCCCCCCACGCTCCGTTCTTCGCCGCGGCAGCCTTGAACGGCCTCAATTTCCTGACGGGCTGTTTCCTTTTGCCGGAGTCGCACAAAGGCGAACGCCGGCCGTTACGCCGGGAGGCTCTCAACCCGCTCGCTTCGTTCCGGTGGGCCCGGGGCATGACCGTCGTCGCCGCCCTGATGGCGGTCTTCTTCATCATGCAACTTGTCGGACAGGTGCCGGCCGCGCTTTGGGTCATTTTCGGCGAGGATCGCTTTCACTGGGACGCGACCACGATCGGCATTTCGCTTGCCGCATTTGGCATTCTGCATTCACTCGCCCAGGCAATGATCACCGGCCCTGTAGCCGCCCGGCTCGGCGAAAGGCGGGCACTCATGCTCGGAATGATTGCCGACGGCACAGGCTACATCCTGCTTGCCTTCGCGACACGGGGATGGATGGCGTTCCCGATCATGGTCCTGCTTGCTTCGGGTGGCATCGGAATGCCGGCGCTGCAAGCAATGTTGTCCAGGCAGGTGGATGAGGAACGTCAGGGGCAGCTGCAAGGCTCACTGGCGGCGCTCACCAGCCTGACCTCGATCGTCGGACCCCTCCTCTTCACGGCGATCTATGCGGCTTCTATAACAACGTGGAACGGGTGGGCATGGATTGCAGGCGCTGCCCTCTACTTGCTCTGCCTGCCGGCGCTGCGTCGCGGGCTTTGGAGCGGCGCAGGGCAACGAGCCGATCGCTGA,80.0,80.0
tetA(B),,RESISTANT,TCY,ATGAATAGTTCGACAAAGATCGCATTGGTAATTACGTTACTCGATGCCATGGGGATTGGCCTTATCATGCCAGTCTTGCCAACGTTATTACGTGAATTTATTGCTTCGGAAGATATCGCTAACCACTTTGGCGTATTGCTTGCACTTTATGCGTTAATGCAGGTTATCTTTGCTCCTTGGCTTGGAAAAATGTCTGACCGATTTGGTCGGCGCCCAGTGCTGTTGTTGTCATTAATAGGCGCATCGCTGGATTACTTATTGCTGGCTTTTTCAAGTGCGCTTTGGATGCTGTATTTAGGCCGTTTGCTTTCAGGGATCACAGGAGCTACTGGGGCTGTCGCGGCATCGGTCATTGCCGATACCACCTCAGCTTCTCAACGCGTGAAGTGGTTCGGTTGGTTAGGGGCAAGTTTTGGGCTTGGTTTAATAGCGGGGCCTATTATTGGTGGTTTTGCAGGAGAGATTTCACCGCATAGTCCCTTTTTTATCGCTGCGTTGCTAAATATTGTCGCTTTCCTTGTGGTTATGTTTTGGTTCCGTGAAACCAAAAATACACGTGATAATACAGATACCGAAGTAGGGGTTGAGACGCAATCGAATTCGGTATACATCACTTTATTTAAAACGATGCCCATTTTGTTGATTATTTATTTTTCAGCGCAATTGATAGGCCAAATTCCCGCAACGGTGTGGGTGCTATTTACCGAAAATCGTTTTGGATGGAATAGCATGATGGTTGGCTTTTCATTAGCGGGTCTTGGTCTTTTACACTCAGTATTCCAAGCCTTTGTGGCAGGAAGAATAGCCACTAAATGGGGCGAAAAAACGGCAGTACTGCTCGGATTTATTGCAGATAGTAGTGCATTTGCCTTTTTAGCGTTTATATCTGAAGGTTGGTTAGTTTTCCCTGTTTTAATTTTATTGGCTGGTGGTGGGATCGCTTTACCTGCATTACAGGGAGTGATGTCTATCCAAACAAAGAGTCATCAGCAAGGTGCTTTACAGGGATTATTGGTGAGCCTTACCAATGCAACCGGTGTTATTGGCCCATTACTGTTTGCTGTTATTTATAATCATTCACTACCAATTTGGGATGGCTGGATTTGGATTATTGGTTTAGCGTTTTACTGTATTATTATCCTGCTATCGATGACCTTCATGTTAACCCCTCAAGCTCAGGGGAGTAAACAGGAGACAAGTGCTTAG,80.0,80.0
tetR(A),,RESISTANT,SIL,ATGACAAAGTTGCAGCCGAATACAGTGATCCGTGCCGCCCTGGACCTGTTGAACGAGGTCGGCGTAGACGGTCTGACGACACGCAAACTGGCGGAACGGTTGGGGGTTCAGCAGCCGGCGCTTTACTGGCACTTCAGGAACAAGCGGGCGCTGCTCGACGCACTGGCCGAAGCCATGCTGGCGGAGAATCATACGCATTCGGTGCCGAGAGCCGACGACGACTGGCGCTCATTTCTGATCGGGAATGCCCGCAGCTTCAGGCAGGCGCTGCTCGCCTACCGCGATGGCGCGCGCATCCATGCCGGCACGCGACCGGGCGCACCGCAGATGGAAACGGCCGACGCGCAGCTTCGCTTCCTCTGCGAGGCGGGTTTTTCGGCCGGGGACGCCGTCAATGCGCTGATGACAATCAGCTACTTCACTGTTGGGGCCGTGCTTGAGGAGCAGGCCGGCGACAGCGATGCCGGCGAGCGCGGCGGCACCGTTGAACAGGCTCCGCTCTCGCCGCTGTTGCGGGCCGCGATAGACGCCTTCGACGAAGCCGGTCCGGACGCAGCGTTCGAGCAGGGACTCGCGGTGATTGTCGATGGATTGGCGAAAAGGAGGCTCGTTGTCAGGAACGTTGAAGGACCGAGAAAGGGTGACGATTGA,80.0,80.0
tetR(B),,RESISTANT,SIL,ATGATGTCTAGATTAGATAAAAGTAAAGTGATTAACAGCGCATTAGAGCTGCTTAATGAGGTCGGAATCGAAGGTTTAACAACCCGTAAACTCGCCCAGAAGCTAGGTGTAGAGCAGCCTACATTGTATTGGCATGTAAAAAATAAGCGGGCTTTGCTCGACGCCTTAGCCATTGAGATGTTAGATAGGCACCATACTCACTTTTGCCCTTTAGAAGGGGAAAGCTGGCAAGATTTTTTACGTAATAACGCTAAAAGTTTTAGATGTGCTTTACTAAGTCATCGCGATGGAGCAAAAGTACATTTAGGTACACGGCCTACAGAAAAACAGTATGAAACTCTCGAAAATCAATTAGCCTTTTTATGCCAACAAGGTTTTTCACTAGAGAATGCATTATATGCACTCAGCGCTGTGGGGCATTTTACTTTAGGTTGCGTATTGGAAGATCAAGAGCATCAAGTCGCTAAAGAAGAAAGGGAAACACCTACTACTGATAGTATGCCGCCATTATTACGACAAGCTATCGAATTATTTGATCACCAAGGTGCAGAGCCAGCCTTCTTATTCGGCCTTGAATTGATCATATGCGGATTAGAAAAACAACTTAAATGTGAAAGTGGGTCTTAA,80.0,80.0
tetA(C),,RESISTANT,TCY,ATGAAATCTAACAATGCGCTCATCGTCATCCTCGGCACCGTCACCCTGGATGCTGTAGGCATAGGCTTGGTTATGCCGGTACTGCCGGGCCTCTTGCGGGATATCGTCCATTCCGACAGCATCGCCAGTCACTATGGCGTGCTGCTAGCGCTATATGCGTTGATGCAATTTCTATGCGCACCCGTTCTCGGAGCACTGTCCGACCGCTTTGGCCGCCGCCCAGTCCTGCTCGCTTCGCTACTTGGAGCCACTATCGACTACGCGATCATGGCGACCACACCCGTCCTGTGGATCCTCTACGCCGGACGCATCGTGGCCGGCATCACCGGCGCCACAGGTGCGGTTGCTGGCGCCTATATCGCCGACATCACCGATGGGGAAGATCGGGCTCGCCACTTCGGGCTCATGAGCGCTTGTTTCGGCGTGGGTATGGTGGCAGGCCCCGTGGCCGGGGGACTGTTGGGCGCCATCTCCTTGCATGCACCATTCCTTGCGGCGGCGGTGCTCAACGGCCTCAACCTACTACTGGGCTGCTTCCTAATGCAGGAGTCGCATAAGGGAGAGCGTCGACCGATGCCCTTGAGAGCCTTCAACCCAGTCAGCTCCTTCCGGTGGGCGCGGGGCATGACTATCGTCGCCGCACTTATGACTGTCTTCTTTATCATGCAACTCGTAGGACAGGTGCCGGCAGCGCTCTGGGTCATTTTCGGCGAGGACCGCTTTCGCTGGAGCGCGACGATGATCGGCCTGTCGCTTGCGGTATTCGGAATCTTGCACGCCCTCGCTCAAGCCTTCGTCACTGGTCCCGCCACCAAACGTTTCGGCGAGAAGCAGGCCATTATCGCCGGCATGGCGGCCGACGCGCTGGGCTACGTCTTGCTGGCGTTCGCGACGCGAGGCTGGATGGCCTTCCCCATTATGATTCTTCTCGCTTCCGGCGGCATCGGGATGCCCGCGTTGCAGGCCATGCTGTCCAGGCAGGTAGATGACGACCATCAGGGACAGCTTCAAGGATCGCTCGCGGCTCTTACCAGCCTAACTTCGATCATTGGACCGCTGATCGTCACGGCGATTTATGCCGCCTCGGCGAGCACATGGAACGGGTTGGCATGGATTGTAGGCGCCGCCCTATACCTTGTCTGCCTCCCCGCGTTGCGTCGCGGTGCATGGAGCCGGGCCACCTCGACCTGA,80.0,80.0
tetA(D),,RESISTANT,TCY,ATGAATAAACCCGCTGTCATCGCGCTGGTGATTACACTGCTGGACGCGATGGGAATTGGTCTGATCATGCCGGTATTACCGTCACTGCTGCGGGAATATCTCCCGGAAGCGGATGTGGCAAACCATTACGGCATTCTGCTGGCGCTGTATGCGGTGATGCAGGTCTGTTTTGCTCCGCTGCTGGGCAGATGGTCAGATAAGCTGGGGCGCAGACCGGTGCTGCTGTTATCCCTGGCGGGTGCCGCGTTTGATTACACACTGCTGGCACTGTCCAATGTGCTGTGGATGTTGTATCTCGGGCGGATTATCTCCGGGATCACTGGTGCCACCGGCGCGGTTGCGGCTTCGGTAGTGGCGGACAGCACGGCGGTCAGCGAGCGTACCGCCTGGTTCGGCCGTCTCGGTGCGGCCTTTGGTGCCGGGCTGATTGCCGGGCCGGCTATCGGCGGACTGGCGGGGGATATCTCACCGCATCTGCCGTTTGTCATTGCGGCAATACTGAATGCCTGCACCTTTCTGATGGTCTTTTTTATCTTTAAACCGGCGGTACAGACAGAAGAAAAACCGGCGGAGCAGAAACAAGAAAGCGCAGGTATCAGCTTTATCACACTGCTTAAACCTCTGGCGCTGTTGCTGTTTGTCTTTTTTACCGCGCAGCTTATCGGGCAGATCCCGGCCACTGTCTGGGTATTGTTTACGGAGAGCCGCTTTGCCTGGGACAGCGCGGCGGTCGGTTTTTCACTGGCGGGACTCGGGGCGATGCATGCACTGTTTCAGGCGGTGGTTGCCGGGGCGCTGGCAAAACGGCTGAGTGAGAAAACCATTATTTTCGCCGGATTTATTGCCGATGCCACCGCGTTTTTACTGATGTCTGCTATCACTTCCGGATGGATGGTGTATCCGGTCCTGATCCTGCTGGCAGGCGGCGGAATTGCACTGCCTGCATTGCAGGGCATTATCTCTGCCGGGGCATCGGCGGCAAATCAGGGAAAACTACAGGGTGTGCTGGTCAGCCTGACCAATCTGACCGGCGTGGCGGGCCCGCTGCTGTTTGCTTTTATTTTCAGTCAGACACAGCAGAGTGCGGACGGTACGGTGTGGCTGATTGGCACGGCACTGTACGGTCTGCTGCTGGCAATCTGTCTGCTGATCAGAAAACCGGCACCGGTGGCGGCCACCTGCTGA,80.0,80.0
cmlA,,RESISTANT,CHL,GTGAGCTCAAAAAACTTTAGTTGGCGGTACTCCCTTGCCGCCACGGTGTTGTTGTTATCACCGTTCGATTTATTGGCATCACTCGGCATGGACATGTACTTGCCAGCAGTGCCGTTTATGCCAAACGCGCTTGGTACGACAGCGAGCACAATTCAGCTTACGCTGACAACGTACTTGGTCATGATTGGTGCCGGTCAGCTCTTGTTTGGACCGCTATCGGACCGACTGGGGCGCCGCCCCGTTCTACTGGGAGGTGGCCTCGCCTACGTTGTGGCGTCAATGGGCCTCGCTCTTACGTCATCGGCTGAAGTCTTTCTGGGGCTTCGGATTCTTCAGGCTTGTGGTGCCTCGGCGTGCCTTGTTTCCACATTTGCAACAGTACGTGACATTTACGCAGGTCGCGAGGAAAGTAATGTCATTTACGGCATACTCGGATCCATGCTGGCCATGGTCCCGGCGGTAGGCCCATTGCTCGGAGCGCTCGTCGACATGTGGCTTGGGTGGCGGGCTATCTTTGCGTTTCTAGGTTTGGGCATGATCGCTGCATCTGCAGCAGCGTGGCGATTCTGGCCTGAAACCCGGGTGCAACGAGTTGCGGGCTTGCAATGGTCGCAGCTGCTACTCCCCGTTAAGTGCCTGAACTTCTGGTTGTACACGTTGTGTTACGCCGCTGGAATGGGTAGCTTCTTCGTCTTTTTCTCCATTGCGCCCGGACTAATGATGGGCAGGCAAGGTGTGTCTCAGCTTGGCTTCAGCCTGCTGTTCGCCACAGTGGCAATTGCCATGGTGTTTACGGCTCGTTTTATGGGGCGTGTGATACCCAAGTGGGGCAGCCCAAGTGTCTTGCGAATGGGAATGGGATGCCTGATAGCTGGAGCAGTATTGCTTGCCATCACCGAAATATGGGCTTTGCAGTCCGTGTTAGGCTTTATTGCTCCAATGTGGCTAGTGGGTATTGGTGTCGCCACAGCGGTATCTGTGGCGCCCAATGGCGCTCTTCGAGGATTCGACCATGTTGCTGGAACGGTCACGGCAGTCTACTTCTGCTTGGGCGGTGTACTGCTAGGAAGCATCGGAACGTTGATCATTTCGCTGTTGCCGCGCAACACGGCTTGGCCGGTTGTCGTGTACTGTTTGACCCTTGCAACAGTCGTGCTCGGTCTGTCTTGTGTTTCCCGAGTGAAGGGCTCTCGCGGCCAGGGGGAGCATGATGTGGTCGCGCTACAAAGTGCGGGAAGTACATCAAATCCCAATCGTTGA,80,80.0
sul1,,RESISTANT,SMX,ATGGTGACGGTGTTCGGCATTCTGAATCTCACCGAGGACTCCTTCTTCGATGAGAGCCGGCGGCTAGACCCCGCCGGCGCTGTCACCGCGGCGATCGAAATGCTGCGAGTCGGATCAGACGTCGTGGATGTCGGACCGGCCGCCAGCCATCCGGACGCGAGGCCTGTATCGCCGGCCGATGAGATCAGACGTATTGCGCCGCTCTTAGACGCCCTGTCCGATCAGATGCACCGTGTTTCAATCGACAGCTTCCAACCGGAAACCCAGCGCTATGCGCTCAAGCGCGGCGTGGGCTACCTGAACGATATCCAAGGATTTCCTGACCCTGCGCTCTATCCCGATATTGCTGAGGCGGACTGCAGGCTGGTGGTTATGCACTCAGCGCAGCGGGATGGCATCGCCACCCGCACCGGTCACCTTCGACCCGAAGACGCGCTCGACGAGATTGTGCGGTTCTTCGAGGCGCGGGTTTCCGCCTTGCGACGGAGCGGGGTCGCTGCCGACCGGCTCATCCTCGATCCGGGGATGGGATTTTTCTTGAGCCCCGCACCGGAAACATCGCTGCACGTGCTGTCGAACCTTCAAAAGCTGAAGTCGGCGTTGGGGCTTCCGCTATTGGTCTCGGTGTCGCGGAAATCCTTCTTGGGCGCCACCGTTGGCCTTCCTGTAAAGGATCTGGGTCCAGCGAGCCTTGCGGCGGAACTTCACGCGATCGGCAATGGCGCTGACTACGTCCGCACCCACGCGCCTGGAGATCTGCGAAGCGCAATCACCTTCTCGGAAACCCTCGCGAAATTTCGCAGTCGCGACGCCAGAGACCGAGGGTTAGATCATGCCTAG,80,80.0
sul2,,RESISTANT,SMX,ATGAATAAATCGCTCATCATTTTCGGCATCGTCAACATAACCTCGGACAGTTTCTCCGATGGAGGCCGGTATCTGGCGCCAGACGCAGCCATTGCGCAGGCGCGTAAGCTGATGGCCGAGGGGGCAGATGTGATCGACCTCGGTCCGGCATCCAGCAACCCCGACGCCGCGCCTGTTTCGTCCGACACAGAAATCGAGCGTATCGCGCCGGTGCTGGACGCGCTCAAGGCAGATGGCATTCCCGTCTCGCTCGACAGTTATCAACCCGCGACGCAAGCCTATGCCTTGTCGCGTGGTGTGGCCTATCTCAATGATATTCGCGGTTTTCCAGACGCTGCGTTCTATCCGCAATTGGCGAAATCATCTGCCAAACTCGTCGTTATGCATTCGGTGCAAGACGGGCAGGCAGATCGGCGCGAGGCACCCGCTGGCGACATCATGGATCACATTGCGGCGTTCTTTGACGCGCGCATCGCGGCGCTGACGGGTGCCGGTATCAAACGCAACCGCCTTGTCCTTGATCCCGGCATGGGGTTTTTTCTGGGGGCTGCTCCCGAAACCTCGCTCTCGGTGCTGGCGCGGTTCGATGAATTGCGGCTGCGCTTCGATTTGCCGGTGCTTCTGTCTGTTTCGCGCAAATCCTTTCTGCGCGCGCTCACAGGCCGTGGTCCGGGGGATGTCGGGGCCGCGACACTCGCTGCAGAGCTTGCCGCCGCCGCAGGTGGAGCTGACTTCATCCGCACACACGAGCCGCGCCCCTTGCGCGACGGGCTGGCGGTATTGGCGGCGCTAAAAGAAACCGCAAGAATTCGTTAA,80,80.0
dfrA7,,RESISTANT,TMP,TTGAAAATTTCATTGATTTCTGCAACGTCAGAAAATGGCGTAATCGGTAATGGCCCTGATATCCCATGGTCAGCAAAAGGTGAGCAGTTACTCTTTAAAGCGCTCACATATAATCAGTGGCTCCTTGTTGGAAGGAAAACATTTGACTCTATGGGTGTTCTTCCAAATCGAAAATATGCAGTAGTGTCGAGGAAAGGAATTTCAAGCTCAAATGAAAATGTATTAGTCTTTCCTTCAATAGAAATCGCTTTGCAAGAACTATCGAAAATTACAGATCATTTATATGTCTCTGGTGGCGGTCAAATCTACAATAGTCTTATTGAAAAAGCAGATATAATTCATTTGTCTACTGTTCACGTTGAGGTTGAAGGTGATATCAATTTTCCTAAAATTCCAGAGAATTTCAATTTGGTTTTTGAGCAGTTTTTTTTGTCTAATATAAATTACACATATCAGATTTGGAAAAAAGGCTAA,80,80.0
dfrA1,,RESISTANT,TMP,GTGAAACTATCACTAATGGTAGCTATATCGAAGAATGGAGTTATCGGGAATGGCCCTGATATTCCATGGAGTGCCAAAGGTGAACAGCTCCTGTTTAAAGCTATTACCTATAACCAATGGCTGTTGGTTGGACGCAAGACTTTTGAATCAATGGGAGCATTACCCAACCGAAAGTATGCGGTCGTAACACGTTCAAGTTTTACATCTGACAATGAGAACGTATTGATCTTTCCATCAATTAAAGATGCTTTAACCAACCTAAAGAAAATAACGGATCATGTCATTGTTTCAGGTGGTGGGGAGATATACAAAAGCCTGATCGATCAAGTAGATACACTACATATATCTACAATAGACATCGAGCCGGAAGGTGATGTTTACTTTCCTGAAATCCCCAGCAATTTTAGGCCAGTTTTTACCCAAGACTTCGCCTCTAACATAAATTATAGTTACCAAATCTGGCAAAAGGGTTAA,80,80.0
dfrA5,,RESISTANT,TMP,GTGAAAGTATCATTAATGGCTGCAAAAGCGAAAAACGGAGTGATTGGTTGCGGTCCACACATACCCTGGTCCGCGAAAGGAGAGCAGCTACTCTTTAAAGCCTTGACGTACAACCAGTGGCTTTTGGTGGGCCGCAAGACGTTCGAATCTATGGGAGCACTCCCTAATAGGAAATACGCGGTCGTTACTCGCTCAGCCTGGACGGCCGATAATGACAACGTAATAGTATTCCCGTCGATCGAAGAGGCCATGTACGGGCTGGCTGAACTCACCGATCACGTTATAGTGTCTGGTGGCGGGGAGATTTACAGAGAAACATTGCCCATGGCCTCTACGCTCCATATATCGACGATTGATATTGAGCCGGAAGGAGATGTTTTCTTTCCGAATATTCCCAATACCTTCGAAGTTGTTTTTGAGCAACACTTTAGCTCAAACATTAACTATTGCTATCAAATTTGGCAAAAGGGTTAA,80,80.0
dfrA14,,RESISTANT,TMP,ATGAGAACCTTGAAAGTATCATTGATAGCTGCGAAAGCGAAAAACGGCGTGATTGGTTGCGGTCCAGACATACCCTGGTCCGCGAAAGGGGAGCAGCTACTTTTTAAAGCATTGACCTACAATCAGTGGCTTCTGGTGGGTCGCAAGACGTTTGAATCTATGGGCGCACTCCCCAATAGGAAATACGCGGTCGTTACCCGCTCAGGTTGGACATCAAATGATGACAATGTAGTTGTATTTCAGTCAATCGAAGAGGCCATGGACAGGCTAGCTGAATTCACCGGTCACGTTATAGTGTCTGGTGGCGGAGAAATTTACCGAGAAACATTACCCATGGCCTCTACGCTCCACTTATCGACGATCGACATCGAGCCAGAGGGGGATGTTTTCTTCCCGAGTATTCCAAATACCTTCGAAGTTGTTTTTGAGCAACACTTTACTTCAAACATTAACTATTGCTATCAAATTTGGAAAAAGGGTTAA,80,80.0
dfrA18,,RESISTANT,TMP,ATGAGTCACCCACAACTTGAGCTAATAGTCGCTGTGGATTCTAAGTTGGGATTCGGGAAAGGCGGCAAGATTCCATGGAAATGCAAAGAAGACATGGCGCGATTTACGCGGATTTCTAAAGAGATCCGCGTGTGCGTTATAGGGAAACACACGTATACTGACATGCGTGACATGCAGTTAGAAAAGGATGGCGCCGAGGAGCGAATCAAGGAGAAAGGAATTCTCCCCGAACGCGAATCGTTCGTGATCTCCTCGACGTTAAAACAAGAAGATGTCATAGGCGCTACTGTCGTTCCTGATCTTCGTGCTGTGATCAACCTGTATGAGAATACCGATCAACGCATTGCTGTCATTGGTGGGGAGAAGTTGTACATTCAAGCTCTTTCATCAGCAACGAAACTGCACATGACCATAATTCCAAGAGAGTTCGACTGTGATCGATTTATTCCTGTTGATCCGATCCAGAACAATTTTCACATTGATTCCAGTGCCAGCGAGACTGTGGAGGCAACCGTTGATGAGACTCAAGAGCGCATTCACTTTGCTACTTACGTGCGTAACAATCAGTAA,80,80.0
mphA,,RESISTANT,AZM,ATGACCGTAGTCACGACCGCCGATACCTCCCAACTGTACGCACTTGCAGCCCGACATGGGCTCAAGCTCCATGGCCCGCTGACTGTCAATGAGCTTGGGCTCGACTATAGGATCGTGATCGCCACCGTCGACGATGGACGTCGGTGGGTGCTGCGCATCCCGCGCCGAGCCGAGGTAAGCGCGAAGGTCGAACCAGAGGCGCGGGTGCTGGCAATGCTCAAGAATCGCCTGCCGTTCGCGGTGCCGGACTGGCGCGTGGCCAACGCCGAGCTCGTTGCCTATCCCATGCTCGAAGACTCGACTGCGATGGTCATCCAGCCTGGTTCGTCCACGCCCGACTGGGTCGTGCCGCAGGACTCGGAGGTCTTCGCGGAGAGCTTCGCGACCGCGCTCGCCGCCCTGCATGCCGTCCCCATTTCCGCCGCCGTGGATGCGGGGATGCTCATCCGTACACCGACGCAGGCCCGTCAGAAGGTGGCCGACGACGTTGACCGCGTCCGACGCGAGTTCGTGGTGAACGACAAGCGCCTCCACCGGTGGCAGCGCTGGCTCGACGACGATTCGTCGTGGCCAGATTTCTCCGTGGTGGTGCATGGCGATCTCTACGTGGGCCATGTGCTCATCGACAACACGGAGCGCGTCAGCGGGATGATCGACTGGAGCGAGGCCCGCGTTGATGACCCTGCCATCGACATGGCCGCGCACCTTATGGTCTTTGGTGAAGAGGGGCTCGCGAAGCTCCTCCTCACGTATGAAGCGGCCGGTGGCCGGGTGTGGCCGCGGCTCGCCCACCACATCGCGGAGCGCCTTGCGTTCGGGGCGGTCACCTACGCACTCTTCGCCCTCGACTCGGGTAACGAAGAGTACCTCGCTGCGGCGAAGGCGCAGCTCGCCGCAGCGGAATGA,80,80.0
mphB,,RESISTANT,AZM,ATGAGTAAAGATATTAAACAAGTAATCGAGATAGCAAAAAAACACAATCTTTTTCTAAAAGAAGAAACGATACAGTTTAATGAATCAGGGCTTGATTTTCAAGCTGTTTTTGCACAAGATAATAATGGAATTGATTGGGTTCTAAGATTGCCTAGACGGGAAGATGTGATGCCTAGAACAAAGGTAGAAAAACAAGCTTTGGATTTGGTAAATAAGTACGCTATATCCTTTCAGGCACCAAACTGGATCATTTACACAGAGGAACTAATAGCTTATAAAAAGTTAGATGGTGTGCCAGCAGGTACGATAGATCATAACATAGGTAACTATATTTGGGAGATAGACATAAATAATGTTCCAGAATTATTTCACAAGTCGCTAGGCAGGGTGTTAGCAGAGCTTCATAGCATACCTAGTAATAAAGCCGCAGCGCTTGATCTTGTAGTACACACACCAGAAGAAGCAAGAATGTCAATGAAGCAGCGTATGGATGCAGTAAGAGCAAAGTTCGGAGTAGGTGAGAATCTATGGAACAGATGGCAAGCGTGGTTGAATGATGATGATATGTGGCCTAAGAAAACTGGACTGATTCATGGAGATGTACATGCCGGACATACTATGATTGATAAGGATGCCAATGTGACTGGATTAATCGATTGGACTGAAGCGAAGGTTACAGATGTTTCGCATGACTTTATTTTCAACTATAGAGCTTTTGGGGAAGAAGGGTTAGAAGCTTTAATTCTCGCTTATAAGGAAATTGGTGGATATTACTGGCCTAAAATGAAAGAGCATATTATCGAACTTAATGCAGCATACCCAGTTTCAATCGCTGAGTTTGCATTAGTGTCTGGAATTGAGGAATATGAGCAGATGGCAAAGGAAGCATTGGAAGTACAAGGTTCGTAA,80,80.0
ermA,,RESISTANT,AZM,ATGAACCAGAAAAACCCTAAAGACACGCAAAATTTTATTACTTCTAAAAAGCATGTAAAAGAAATATTGAATCACACGAATATCAGTAAACAAGACAACGTAATAGAAATCGGATCAGGAAAAGGACATTTTACCAAAGAGCTAGTCAAAATGAGTCGATCAGTTACTGCTATAGAAATTGATGGAGGCTTATGTCAAGTGACTAAAGAAGCGGTAAACCCCTCTGAGAATATAAAAGTGATTCAAACGGATATTCTAAAATTTTCCTTCCCAAAACATATAAACTATAAGATATATGGTAATATTCCTTATAACATCAGTACGGATATTGTCAAAAGAATTACCTTTGAAAGTCAGGCTAAATATAGCTATCTTATCGTTGAGAAGGGATTTGCGAAAAGATTGCAAAATCTGCAACGAGCTTTGGGTTTACTATTAATGGTGGAGATGGATATAAAAATGCTCAAAAAAGTACCACCACTATATTTTCATCCTAAGCCAAGTGTAGACTCTGTATTGATTGTTCTTGAACGACATCAACCATTGATTTCAAAGAAGGACTACAAAAAGTATCGATCTTTTGTTTATAAGTGGGTAAACCGTGAATATCGTGTTCTTTTCACTAAAAACCAATTCCGACAGGCTTTGAAGCATGCAAATGTCACTAATATTAATAAACTATCGAAGGAACAATTTCTTTCTATTTTCAATAGTTACAAATTGTTTCACTAA,80,80.0
ermB,,RESISTANT,AZM,ATGAACAAAAATATAAAATATTCTCAAAACTTTTTAACGAGTGAAAAAGTACTCAACCAAATAATAAAACAATTGAATTTAAAAGAAACCGATACCGTTTACGAAATTGGAACAGGTAAAGGGCATTTAACGACGAAACTGGCTAAAATAAGTAAACAGGTAACGTCTATTGAATTAGACAGTCATCTATTCAACTTATCGTCAGAAAAATTAAAACTGAACATTCGTGTCACTTTAATTCACCAAGATATTCTACAGTTTCAATTCCCTAACAAACAGAGGTATAAAATTGTTGGGAATATTCCTTACCATTTAAGCACACAAATTATTAAAAAAGTGGTTTTTGAAAGCCATGCGTCTGACATCTATCTGATTGTTGAAGAAGGATTCTACAAGCGTACCTTGGATATTCACCGAACACTAGGGTTGCTCTTGCACACTCAAGTCTCGATTCAGCAATTGCTTAAGCTGCCAGCGGAATGCTTTCATCCTAAACCAAAAGTAAACAGTGTCTTAATAAAACTTACCCGCCATACCACAGATGTTCCAGATAAATATTGGAAGCTATATACGTACTTTGTTTCAAAATGGGTCAATCGAGAATATCGTCAACTGTTTACTAAAAATCAGTTTCATCAAGCAATGAAACACGCCAAAGTAAACAATTTAAGTACCGTTACTTATGAGCAAGTATTGTCTATTTTTAATAGTTATCTATTATTTAACGGGAGGAAATAA,80,80.0
ermC,,RESISTANT,AZM,ATGAACGAGAAAAATATAAAACACAGTCAAAACTTTATTACTTCAAAACATAATATAGATAAAATAATGACAAATATAAGATTAAATGAACATGATAATATCTTTGAAATCGGCTCAGGAAAAGGCCATTTTACCCTTGAATTAGTACAGAGGTGTAATTTCGTAACTGCCATTGAAATAGACCATAAATTATGCAAAACTACAGAAAATAAACTTGTTGATCACGATAATTTCCAAGTTTTAAACAAGGATATATTGCAGTTTAAATTTCCTAAAAACCAATCCTATAAAATATTTGGTAATATACCTTATAACATAAGTACAGATATAATACGCAAAATTGTTTTTGATAGTATAGCTGATGAGATTTATTTAATCGTGGAATACGGGTTTGCTAAAAGATTATTAAATACAAAACGCTCATTGGCATTACTTTTAATGGCAGAAGTTGATATTTCTATATTAAGTATGGTTCCAAGAGAATATTTTCATCCTAAACCTAAAGTGAATAGCTCACTTATCAGATTAAATAGAAAAAAATCAAGAATATCACACAAAGATAAACAGAAGTATAATTATTTCGTTATGAAATGGGTTAACAAAGAATACAAGAAAATATTTACAAAAAATCAATTTAACAATTCCTTAAAACATGCAGGAATTGACGATTTAAACAATATTAGCTTTGAACAATTCTTATCTCTTTTCAATAGCTATAAATTATTTAATAAGTAA,80,80.0
ereB,,RESISTANT,AZM,ATGAGGTTCGAAGAATGGGTCAAAGATAAGCATATTCCTTNCAAACNGAATCACCCTGATGATAATTACGATGATTTTAAGCCATTAAGAAANATAATTGGAGATACCCGAGTTGTAGCATTAGGTGAAAATTCTCATTTCATAAAAGAATTCTTTTTGTTACGACATACGCTTTTGCGTTTTTTTATCGAAGATCTAGGTTTTACTACGTTTGCTTTTGAATTTGGTTTTGCTGAGGGTCAAATCATCAATAACTGGATACATGGACAAGGAACTGACGATGAAATAGGCAGATTCTTAAAACACTTCTATTATCCAGAAGAGCTCAAAACCACATTTCTATGGCTAAGGGAGTACAATAAAGCAGCAAAAGAAAAAATCACATTTCTTGGCATTGATATACCCAGAAATGGAGGTTCATACTTACCAAATATGGAGATAGTGCATGACTTTTTTAGAACAGCGGATAAAGAAGCACTACACATTATCGATGATGCATTTAATATTGCAAAAAAGATTGATTACTTCTCCACATCACAGGCAGCCTTAAATTTACATGAGCTAACAGATTCTGAGAAATGCCGTTTAACTAGCCAATTAGCTCGAGTAAAAGTTCGCCTTGAAGCTATGGCTCCAATTCACATTGAAAAATATGGGATTGATAAATATGAGACAATTCTGCATTATGCCAACGGTATGATATACTTGGACTATAACATTCAAGCTATGTCGGGCTTTATTTCAGGAGGCGGAATGCAGGGCGATATGGGTGCAAAAGACAAATACATGGCAGATTCTGTGCTGTGGCATTTAAAAAACCCACAAAGTGAGCAGAAAGTGATAGTAGTAGCACATAATGCACATATTCAAAAAACACCCATTCTGTATGATGGATTTCTAAGTTGCCTACCAATGGGCCAAAGACTTAAAAATGCCATTGGTGATGATTATATGTCTTTAGGTATTACTTCTTATAGTGGGCATACTGCAGCCCTCTATCCGGAAGTTGATACAAAATATGGTTTTCGAGTTGATAACTTCCAACTGCAGGAACCAAATGAAGGTTCTGTCGAGAAAGCTATTTCTGGTTGTGGAGTTACTAATTCTTTTGTCTTTTTTAGAAATATTCCTGAAGATTTACAATCCATCCCGAACATGATTCGATTTGANTCTATTTACATGAAAGCAGAACTCGAGAAAGCTTTCGATGGAATATTTCAAATTGAAAAGTCATCTGTATCTGAGGTCGTTTATGAATAA,80,80.0
mefA,,RESISTANT,AZM,ATGGAAAAATACAACAATTGGAAACTTAAGTTTTATACAATATGGGCAGGGCAAGCAGTATCATTAATCACTAGTGCCATCTTGCAAATGGCGATTATTTTTTACCTTACAGAAAAAACTGGATCCGCGATGGTCTTGTCTATGGCTTCACTATTAGGTTTTTTACCCTATGCGGTCTTTGGACCTGCAATTGGTGTGCTAGTGGATCGTCATGATAGGAAGAAGATAATGATTGGTGCTGATTTAATTATCGCAGCAGCTGGTTCGGTGCTTACTATTGTTGCATTCTATATGGAGCTACCTGTCTGGATGGTTATGATAGTATTGTTTATCCGTAGCATTGGAACAGCTTTTCACACCCCGGCTCTCAATGCGGTTACGCCACTTTTAGTACCAGAAGAACAGCTTACGAAATGTGCAGGCTATAGTCAGTCTTTGCAGTCTATAAGCTATATTGTTAGTCCGGCGGTTGCAGCACTCTTATACTCCGTTTGGGAACTAAATGCTATTATTGCCATCGATGTATTGGGTGCTGTGATTGCATCTATTACGGTAGCAATTGTACGTATTCCTAAGCTGGGTGATCGCGTGCAAAGTTTGGACCCAAATTTCATAAGAGAAATGCAAGAAGGAATGGCTGTACTACGGCAAAATAAAGGATTATTTGCTTTATTACTCGTTGGAACATTATATATGTTTGTTTATATGCCAATTAATGCACTATTCCCTTTAATTAGCATGGATTACTTTAATGGAACACCTGTGCATATTTCTATTACGGAAATTTCCTTTGCATCTGGAATGTTGATAGGGGGTCTATTATTAGGGTTATTTGGGAATTACCAAAAGCGAATCTTATTAATAACGGCATCCATTTTTATGATGGGGATAAGCTTAACCATTTCAGGATTACTTCCCCAAAGTGGATTTTTCATTTTTGTAGTCTGCTGTGCAATAATGGGGCTTTCTGTTCCGTTTTACAGCGGTGTGCAAACAGCTCTTTTTCAGGAGAAAATTAAGCCTGAATATTTAGGACGTGTATTTTCTTTAACTGGAAGTATCATGTCTCTTGCTATGCCAATTGGATTAATTCTTTCTGCACTCTTTGCTGATAGAATCGGTGTAAATCATTGGTTTTTACTATCAGGTACTTTAATTATTTGCATTGCAATAGTTTGCCCAATGATAAATGAGATTAGAAAATTAGATTTAAAATAA,80,80.0
ereA,,RESISTANT,AZM,ATGACGTGGAGAACGACCAGAACACTTTTACAGCCTCAAAATCTGGACTTCAATGAGTTTGAGATTCTTACTTCCGTAATTGAGGGCGCCCGAATTGTCGGCATTGGCGAGGGCGCTCATTTTGTCGCGGAGTTTTCACTGGCTAGAGCAAGTCTTATCCGCTATTTGGTCGAAAGGCATGATTTTAATGCGATTGGTTTGGAATGTGGGGCGATTCAGGCATCCCGGTTATCTGAATGGCTCAACTCAACAGCCGGTGCTCATGAACTTGAGCGATTTTCGGATACCCTGACCTTTTCTGTGTATGGCTCAGTGCTGATCTGGCTGAAATCATATCTCCGCGAATCAGGAAGAAAACTGCAGTTAGTCGGAATCGACTTACCCAACACCCTGAACCCAAGGGACGACCTAGCGCAATTGGCCGAAATTATCCAGCTCATCGATCACCTCATGAAACCGCACGTTGATATGCTGACTCACTTGTTGGCGTCCATTGATGGCCAGTCGGCGGTTATTTCATCGGCAAAATGGGGGGAGCTAGAAACGGCTCGGCAGGAGAAAGCTATCTCAGGGGTAACCAGATTGAAGCTCCGCTTGGCGTCGCTTGCCCCTGTACTGAAAAAACACGTCAACAGCGATTTGTTCCGAAAAGCCTCTGATCGAATAGAGTCGATAGAGTATACGTTGGAAACCTTGCGTATGATGAAAACTTTCTTCGATGGTACCTCTCTTGAGGGAGATACTTCCGTACGTGACTCGTATATGGCGGGCGTAGTAGATGGAATGGTTCGAGCGAATCCGGATGTGAAGATAATTCTGCTGGCGCACAACAATCATTTACAAAAAACCCCAGTCTCCTTTTCAGGCGAGCTTACGGCTGTTCCCATGGGGCAGCACCTCGCAGAGAGGGTGAATTACCGTGCGATTGCATTCACCCATCTTGGACCCACCGTGCCGGAAATGCATTTCCCATCGCCCGACAGTCCTCTTGGATTCTCTGTTGTGACCACGCCTGCCGATGCAATCCGTGAGGATAGTATGGAACAGTATGTCATCGACGCCTGTGGTACGGAGAATTCATGTCTGACATTGACAGATGCCCCCATGGAAGCAAAGCGAATGCGGTCTCAAAGCGCCTCTGTAAAAACGAAATTGAGCGAGGCATTTGATGCCATCGTCTGTGTTCCAAGCGCCGGCAAGGACAGCCTAGTTGCCCTATAGG,80,80.0
msrA,,RESISTANT,AZM,ATGTCTACAATCGAAATAAATCAATTAAAAATAGAAGTAGCAGATAGAGTTTTAGTAGAAATTCCTCATCTGCTAGTTAGTAAAAAAGCAAGAATCGGCATCATCGGTCAAAATGGTCTAGGAAAAACAACACTAATGGAAGTGATTGCTGGCGCTAAAGAAGCGACATCTGGCTCTGTGACTACACAAGGAAAACTTGCGTACATCAAACAACTTTCCACGGATACGAGTACGAAAAGCGGCGGCGAAAAAACAAGAAAAGCTCAACATGCGATGCGCCAAAATCCAAGTGTTCTCCTAGCAGATGAACCGACAAGCTTGATGTTGAAAGCGTCAAACATTTAGA,80,80.0
msrD,,RESISTANT,AZM,ATGGAATTAATATTAAAAGCAAAAGACATTCGTGTGGAATTCAAAGGACGCGATGTTTTAGATATAAATGAATTAGAAGTATATGATTATGACCGTATTGGTTTAGTAGGAGCAAATGGTGCTGGAAAAAGCACTTTACTCAGGGTACTTTTAGGAGAATTAACTCCCCCAGGATGTAAAATGAATCGTCTGGGTGAACTTGCCTATATTCCCCAGTTGGACGAAGTAACTCTGCAGGAGGAAAAAGATTTTGCACTTGTAGGCAAGCTAGGTGTTGAGCAATTAAATATACAGACTATGAGCGGTGGTGAAGAAACAAGGCTTAAAATAGCACAGGCCTTATCGGCACAGGTTCATGGTATTTTAGCGGATGAACCTACGAGCCATTTAGACCGTGAAGGAATTGATTTTCTAATAGGACAGCTAAAATATTTTACAGGTGCACTGTTAGTTATTAGCCATGACCGCTATTTTCTTGATGAAATAGTAGATAAAATATGGGAACTGAAAGATGGCAAAATCACTGAGTATTGGGGAAACTATTCTGATTATCTTCGTCAGAAAGAGGAAGAACGTAAGAGCCAAGCTGCAGAATACGAACAATTTATTGCGGAACGTGCCCGATTGGAAAGGGCTGCGGAGGAAAAGCGAAAACAGGCTCGTAAAATAGAACAGAAGGCAAAAGGTTCTTCAAAGAAAAAAAGTACTGAAGACGGAGGGCGTTTAGCTCATCAAAAATCAATAGGAAGTAAGGAAAAAAAGATGTATAATGCTGCTAAAACCCTAGAGCACAGGATTGCGGCCTTAGGAAAAGTAGAAGCTCCGGAAGGCATTCGCAGAATTCGTTTCAGGCAAAGTAAAGCATTGGAGCTCCATAATCCATACCCTATAGTCGGTGCAGAAATTAATAAAGTATTTGGGGATAAGGCTCTGTTTGAAAATGCATCTTTTCAAATTCCGTTAGGAGCAAAAGTGGCGTTAACTGGTGGTAATGGAATCGGAAAAACAACTTTAATCCAAATGATCTTAAACCATGAAGAAGGAATTTCTATTTCGCCTAAGGCAAAAATAGGTTACTTTGCACAGAATGGTTACAAGTACAACAGTAATCAGAATGTTATGGAGTTTATGCAGAAGGATTGTGACTACAATATATCAGAAATTCGTTCAGTGCTAGCATCTATGGGGTTCAAACAGAACGATATTGGAAAAAGTTTATCTGTTTTAAGCGGTGGAGAAATTATAAAATTGTTGCTTGCTAAAATGCTCATGGGTAGATATAACATCCTAATAATGGATGAACCCAGTAACTTCCTTGACATACCAAGTTTAGAGGCTTTGGAAATACTAATGAAGGAGTACACCGGAACTATCGTGTTTATCACCCACGATAAACGATTACTCGAAAATGTAGCAGATGTAGTTTATGAAATTAGAGATAAGAAAATAAATCTGAAACATTAA,80,80.0
sul1,sul1-dfrA7,RESISTANT,SXT,ATGGTGACGGTGTTCGGCATTCTGAATCTCACCGAGGACTCCTTCTTCGATGAGAGCCGGCGGCTAGACCCCGCCGGCGCTGTCACCGCGGCGATCGAAATGCTGCGAGTCGGATCAGACGTCGTGGATGTCGGACCGGCCGCCAGCCATCCGGACGCGAGGCCTGTATCGCCGGCCGATGAGATCAGACGTATTGCGCCGCTCTTAGACGCCCTGTCCGATCAGATGCACCGTGTTTCAATCGACAGCTTCCAACCGGAAACCCAGCGCTATGCGCTCAAGCGCGGCGTGGGCTACCTGAACGATATCCAAGGATTTCCTGACCCTGCGCTCTATCCCGATATTGCTGAGGCGGACTGCAGGCTGGTGGTTATGCACTCAGCGCAGCGGGATGGCATCGCCACCCGCACCGGTCACCTTCGACCCGAAGACGCGCTCGACGAGATTGTGCGGTTCTTCGAGGCGCGGGTTTCCGCCTTGCGACGGAGCGGGGTCGCTGCCGACCGGCTCATCCTCGATCCGGGGATGGGATTTTTCTTGAGCCCCGCACCGGAAACATCGCTGCACGTGCTGTCGAACCTTCAAAAGCTGAAGTCGGCGTTGGGGCTTCCGCTATTGGTCTCGGTGTCGCGGAAATCCTTCTTGGGCGCCACCGTTGGCCTTCCTGTAAAGGATCTGGGTCCAGCGAGCCTTGCGGCGGAACTTCACGCGATCGGCAATGGCGCTGACTACGTCCGCACCCACGCGCCTGGAGATCTGCGAAGCGCAATCACCTTCTCGGAAACCCTCGCGAAATTTCGCAGTCGCGACGCCAGAGACCGAGGGTTAGATCATGCCTAG,80,80.0
dfrA7,sul1-dfrA7,RESISTANT,SXT,TTGAAAATTTCATTGATTTCTGCAACGTCAGAAAATGGCGTAATCGGTAATGGCCCTGATATCCCATGGTCAGCAAAAGGTGAGCAGTTACTCTTTAAAGCGCTCACATATAATCAGTGGCTCCTTGTTGGAAGGAAAACATTTGACTCTATGGGTGTTCTTCCAAATCGAAAATATGCAGTAGTGTCGAGGAAAGGAATTTCAAGCTCAAATGAAAATGTATTAGTCTTTCCTTCAATAGAAATCGCTTTGCAAGAACTATCGAAAATTACAGATCATTTATATGTCTCTGGTGGCGGTCAAATCTACAATAGTCTTATTGAAAAAGCAGATATAATTCATTTGTCTACTGTTCACGTTGAGGTTGAAGGTGATATCAATTTTCCTAAAATTCCAGAGAATTTCAATTTGGTTTTTGAGCAGTTTTTTTTGTCTAATATAAATTACACATATCAGATTTGGAAAAAAGGCTAA,80,80.0
sul1,sul1-dfrA1,RESISTANT,SXT,ATGGTGACGGTGTTCGGCATTCTGAATCTCACCGAGGACTCCTTCTTCGATGAGAGCCGGCGGCTAGACCCCGCCGGCGCTGTCACCGCGGCGATCGAAATGCTGCGAGTCGGATCAGACGTCGTGGATGTCGGACCGGCCGCCAGCCATCCGGACGCGAGGCCTGTATCGCCGGCCGATGAGATCAGACGTATTGCGCCGCTCTTAGACGCCCTGTCCGATCAGATGCACCGTGTTTCAATCGACAGCTTCCAACCGGAAACCCAGCGCTATGCGCTCAAGCGCGGCGTGGGCTACCTGAACGATATCCAAGGATTTCCTGACCCTGCGCTCTATCCCGATATTGCTGAGGCGGACTGCAGGCTGGTGGTTATGCACTCAGCGCAGCGGGATGGCATCGCCACCCGCACCGGTCACCTTCGACCCGAAGACGCGCTCGACGAGATTGTGCGGTTCTTCGAGGCGCGGGTTTCCGCCTTGCGACGGAGCGGGGTCGCTGCCGACCGGCTCATCCTCGATCCGGGGATGGGATTTTTCTTGAGCCCCGCACCGGAAACATCGCTGCACGTGCTGTCGAACCTTCAAAAGCTGAAGTCGGCGTTGGGGCTTCCGCTATTGGTCTCGGTGTCGCGGAAATCCTTCTTGGGCGCCACCGTTGGCCTTCCTGTAAAGGATCTGGGTCCAGCGAGCCTTGCGGCGGAACTTCACGCGATCGGCAATGGCGCTGACTACGTCCGCACCCACGCGCCTGGAGATCTGCGAAGCGCAATCACCTTCTCGGAAACCCTCGCGAAATTTCGCAGTCGCGACGCCAGAGACCGAGGGTTAGATCATGCCTAG,80,80.0
dfrA1,sul1-dfrA1,RESISTANT,SXT,GTGAAACTATCACTAATGGTAGCTATATCGAAGAATGGAGTTATCGGGAATGGCCCTGATATTCCATGGAGTGCCAAAGGTGAACAGCTCCTGTTTAAAGCTATTACCTATAACCAATGGCTGTTGGTTGGACGCAAGACTTTTGAATCAATGGGAGCATTACCCAACCGAAAGTATGCGGTCGTAACACGTTCAAGTTTTACATCTGACAATGAGAACGTATTGATCTTTCCATCAATTAAAGATGCTTTAACCAACCTAAAGAAAATAACGGATCATGTCATTGTTTCAGGTGGTGGGGAGATATACAAAAGCCTGATCGATCAAGTAGATACACTACATATATCTACAATAGACATCGAGCCGGAAGGTGATGTTTACTTTCCTGAAATCCCCAGCAATTTTAGGCCAGTTTTTACCCAAGACTTCGCCTCTAACATAAATTATAGTTACCAAATCTGGCAAAAGGGTTAA,80,80.0
sul1,sul1-dfrA5,RESISTANT,SXT,ATGGTGACGGTGTTCGGCATTCTGAATCTCACCGAGGACTCCTTCTTCGATGAGAGCCGGCGGCTAGACCCCGCCGGCGCTGTCACCGCGGCGATCGAAATGCTGCGAGTCGGATCAGACGTCGTGGATGTCGGACCGGCCGCCAGCCATCCGGACGCGAGGCCTGTATCGCCGGCCGATGAGATCAGACGTATTGCGCCGCTCTTAGACGCCCTGTCCGATCAGATGCACCGTGTTTCAATCGACAGCTTCCAACCGGAAACCCAGCGCTATGCGCTCAAGCGCGGCGTGGGCTACCTGAACGATATCCAAGGATTTCCTGACCCTGCGCTCTATCCCGATATTGCTGAGGCGGACTGCAGGCTGGTGGTTATGCACTCAGCGCAGCGGGATGGCATCGCCACCCGCACCGGTCACCTTCGACCCGAAGACGCGCTCGACGAGATTGTGCGGTTCTTCGAGGCGCGGGTTTCCGCCTTGCGACGGAGCGGGGTCGCTGCCGACCGGCTCATCCTCGATCCGGGGATGGGATTTTTCTTGAGCCCCGCACCGGAAACATCGCTGCACGTGCTGTCGAACCTTCAAAAGCTGAAGTCGGCGTTGGGGCTTCCGCTATTGGTCTCGGTGTCGCGGAAATCCTTCTTGGGCGCCACCGTTGGCCTTCCTGTAAAGGATCTGGGTCCAGCGAGCCTTGCGGCGGAACTTCACGCGATCGGCAATGGCGCTGACTACGTCCGCACCCACGCGCCTGGAGATCTGCGAAGCGCAATCACCTTCTCGGAAACCCTCGCGAAATTTCGCAGTCGCGACGCCAGAGACCGAGGGTTAGATCATGCCTAG,80,80.0
dfrA5,sul1-dfrA5,RESISTANT,SXT,GTGAAAGTATCATTAATGGCTGCAAAAGCGAAAAACGGAGTGATTGGTTGCGGTCCACACATACCCTGGTCCGCGAAAGGAGAGCAGCTACTCTTTAAAGCCTTGACGTACAACCAGTGGCTTTTGGTGGGCCGCAAGACGTTCGAATCTATGGGAGCACTCCCTAATAGGAAATACGCGGTCGTTACTCGCTCAGCCTGGACGGCCGATAATGACAACGTAATAGTATTCCCGTCGATCGAAGAGGCCATGTACGGGCTGGCTGAACTCACCGATCACGTTATAGTGTCTGGTGGCGGGGAGATTTACAGAGAAACATTGCCCATGGCCTCTACGCTCCATATATCGACGATTGATATTGAGCCGGAAGGAGATGTTTTCTTTCCGAATATTCCCAATACCTTCGAAGTTGTTTTTGAGCAACACTTTAGCTCAAACATTAACTATTGCTATCAAATTTGGCAAAAGGGTTAA,80,80.0
sul1,sul1-dfrA14,RESISTANT,SXT,ATGGTGACGGTGTTCGGCATTCTGAATCTCACCGAGGACTCCTTCTTCGATGAGAGCCGGCGGCTAGACCCCGCCGGCGCTGTCACCGCGGCGATCGAAATGCTGCGAGTCGGATCAGACGTCGTGGATGTCGGACCGGCCGCCAGCCATCCGGACGCGAGGCCTGTATCGCCGGCCGATGAGATCAGACGTATTGCGCCGCTCTTAGACGCCCTGTCCGATCAGATGCACCGTGTTTCAATCGACAGCTTCCAACCGGAAACCCAGCGCTATGCGCTCAAGCGCGGCGTGGGCTACCTGAACGATATCCAAGGATTTCCTGACCCTGCGCTCTATCCCGATATTGCTGAGGCGGACTGCAGGCTGGTGGTTATGCACTCAGCGCAGCGGGATGGCATCGCCACCCGCACCGGTCACCTTCGACCCGAAGACGCGCTCGACGAGATTGTGCGGTTCTTCGAGGCGCGGGTTTCCGCCTTGCGACGGAGCGGGGTCGCTGCCGACCGGCTCATCCTCGATCCGGGGATGGGATTTTTCTTGAGCCCCGCACCGGAAACATCGCTGCACGTGCTGTCGAACCTTCAAAAGCTGAAGTCGGCGTTGGGGCTTCCGCTATTGGTCTCGGTGTCGCGGAAATCCTTCTTGGGCGCCACCGTTGGCCTTCCTGTAAAGGATCTGGGTCCAGCGAGCCTTGCGGCGGAACTTCACGCGATCGGCAATGGCGCTGACTACGTCCGCACCCACGCGCCTGGAGATCTGCGAAGCGCAATCACCTTCTCGGAAACCCTCGCGAAATTTCGCAGTCGCGACGCCAGAGACCGAGGGTTAGATCATGCCTAG,80,80.0
dfrA14,sul1-dfrA14,RESISTANT,SXT,ATGAGAACCTTGAAAGTATCATTGATAGCTGCGAAAGCGAAAAACGGCGTGATTGGTTGCGGTCCAGACATACCCTGGTCCGCGAAAGGGGAGCAGCTACTTTTTAAAGCATTGACCTACAATCAGTGGCTTCTGGTGGGTCGCAAGACGTTTGAATCTATGGGCGCACTCCCCAATAGGAAATACGCGGTCGTTACCCGCTCAGGTTGGACATCAAATGATGACAATGTAGTTGTATTTCAGTCAATCGAAGAGGCCATGGACAGGCTAGCTGAATTCACCGGTCACGTTATAGTGTCTGGTGGCGGAGAAATTTACCGAGAAACATTACCCATGGCCTCTACGCTCCACTTATCGACGATCGACATCGAGCCAGAGGGGGATGTTTTCTTCCCGAGTATTCCAAATACCTTCGAAGTTGTTTTTGAGCAACACTTTACTTCAAACATTAACTATTGCTATCAAATTTGGAAAAAGGGTTAA,80,80.0
sul2,sul2-dfrA7,RESISTANT,SXT,ATGAATAAATCGCTCATCATTTTCGGCATCGTCAACATAACCTCGGACAGTTTCTCCGATGGAGGCCGGTATCTGGCGCCAGACGCAGCCATTGCGCAGGCGCGTAAGCTGATGGCCGAGGGGGCAGATGTGATCGACCTCGGTCCGGCATCCAGCAACCCCGACGCCGCGCCTGTTTCGTCCGACACAGAAATCGAGCGTATCGCGCCGGTGCTGGACGCGCTCAAGGCAGATGGCATTCCCGTCTCGCTCGACAGTTATCAACCCGCGACGCAAGCCTATGCCTTGTCGCGTGGTGTGGCCTATCTCAATGATATTCGCGGTTTTCCAGACGCTGCGTTCTATCCGCAATTGGCGAAATCATCTGCCAAACTCGTCGTTATGCATTCGGTGCAAGACGGGCAGGCAGATCGGCGCGAGGCACCCGCTGGCGACATCATGGATCACATTGCGGCGTTCTTTGACGCGCGCATCGCGGCGCTGACGGGTGCCGGTATCAAACGCAACCGCCTTGTCCTTGATCCCGGCATGGGGTTTTTTCTGGGGGCTGCTCCCGAAACCTCGCTCTCGGTGCTGGCGCGGTTCGATGAATTGCGGCTGCGCTTCGATTTGCCGGTGCTTCTGTCTGTTTCGCGCAAATCCTTTCTGCGCGCGCTCACAGGCCGTGGTCCGGGGGATGTCGGGGCCGCGACACTCGCTGCAGAGCTTGCCGCCGCCGCAGGTGGAGCTGACTTCATCCGCACACACGAGCCGCGCCCCTTGCGCGACGGGCTGGCGGTATTGGCGGCGCTAAAAGAAACCGCAAGAATTCGTTAA,80,80.0
dfrA7,sul2-dfrA7,RESISTANT,SXT,TTGAAAATTTCATTGATTTCTGCAACGTCAGAAAATGGCGTAATCGGTAATGGCCCTGATATCCCATGGTCAGCAAAAGGTGAGCAGTTACTCTTTAAAGCGCTCACATATAATCAGTGGCTCCTTGTTGGAAGGAAAACATTTGACTCTATGGGTGTTCTTCCAAATCGAAAATATGCAGTAGTGTCGAGGAAAGGAATTTCAAGCTCAAATGAAAATGTATTAGTCTTTCCTTCAATAGAAATCGCTTTGCAAGAACTATCGAAAATTACAGATCATTTATATGTCTCTGGTGGCGGTCAAATCTACAATAGTCTTATTGAAAAAGCAGATATAATTCATTTGTCTACTGTTCACGTTGAGGTTGAAGGTGATATCAATTTTCCTAAAATTCCAGAGAATTTCAATTTGGTTTTTGAGCAGTTTTTTTTGTCTAATATAAATTACACATATCAGATTTGGAAAAAAGGCTAA,80,80.0
sul2,sul2-dfrA1,RESISTANT,SXT,ATGAATAAATCGCTCATCATTTTCGGCATCGTCAACATAACCTCGGACAGTTTCTCCGATGGAGGCCGGTATCTGGCGCCAGACGCAGCCATTGCGCAGGCGCGTAAGCTGATGGCCGAGGGGGCAGATGTGATCGACCTCGGTCCGGCATCCAGCAACCCCGACGCCGCGCCTGTTTCGTCCGACACAGAAATCGAGCGTATCGCGCCGGTGCTGGACGCGCTCAAGGCAGATGGCATTCCCGTCTCGCTCGACAGTTATCAACCCGCGACGCAAGCCTATGCCTTGTCGCGTGGTGTGGCCTATCTCAATGATATTCGCGGTTTTCCAGACGCTGCGTTCTATCCGCAATTGGCGAAATCATCTGCCAAACTCGTCGTTATGCATTCGGTGCAAGACGGGCAGGCAGATCGGCGCGAGGCACCCGCTGGCGACATCATGGATCACATTGCGGCGTTCTTTGACGCGCGCATCGCGGCGCTGACGGGTGCCGGTATCAAACGCAACCGCCTTGTCCTTGATCCCGGCATGGGGTTTTTTCTGGGGGCTGCTCCCGAAACCTCGCTCTCGGTGCTGGCGCGGTTCGATGAATTGCGGCTGCGCTTCGATTTGCCGGTGCTTCTGTCTGTTTCGCGCAAATCCTTTCTGCGCGCGCTCACAGGCCGTGGTCCGGGGGATGTCGGGGCCGCGACACTCGCTGCAGAGCTTGCCGCCGCCGCAGGTGGAGCTGACTTCATCCGCACACACGAGCCGCGCCCCTTGCGCGACGGGCTGGCGGTATTGGCGGCGCTAAAAGAAACCGCAAGAATTCGTTAA,80,80.0
dfrA1,sul2-dfrA1,RESISTANT,SXT,GTGAAACTATCACTAATGGTAGCTATATCGAAGAATGGAGTTATCGGGAATGGCCCTGATATTCCATGGAGTGCCAAAGGTGAACAGCTCCTGTTTAAAGCTATTACCTATAACCAATGGCTGTTGGTTGGACGCAAGACTTTTGAATCAATGGGAGCATTACCCAACCGAAAGTATGCGGTCGTAACACGTTCAAGTTTTACATCTGACAATGAGAACGTATTGATCTTTCCATCAATTAAAGATGCTTTAACCAACCTAAAGAAAATAACGGATCATGTCATTGTTTCAGGTGGTGGGGAGATATACAAAAGCCTGATCGATCAAGTAGATACACTACATATATCTACAATAGACATCGAGCCGGAAGGTGATGTTTACTTTCCTGAAATCCCCAGCAATTTTAGGCCAGTTTTTACCCAAGACTTCGCCTCTAACATAAATTATAGTTACCAAATCTGGCAAAAGGGTTAA,80,80.0
sul2,sul2-dfrA5,RESISTANT,SXT,ATGAATAAATCGCTCATCATTTTCGGCATCGTCAACATAACCTCGGACAGTTTCTCCGATGGAGGCCGGTATCTGGCGCCAGACGCAGCCATTGCGCAGGCGCGTAAGCTGATGGCCGAGGGGGCAGATGTGATCGACCTCGGTCCGGCATCCAGCAACCCCGACGCCGCGCCTGTTTCGTCCGACACAGAAATCGAGCGTATCGCGCCGGTGCTGGACGCGCTCAAGGCAGATGGCATTCCCGTCTCGCTCGACAGTTATCAACCCGCGACGCAAGCCTATGCCTTGTCGCGTGGTGTGGCCTATCTCAATGATATTCGCGGTTTTCCAGACGCTGCGTTCTATCCGCAATTGGCGAAATCATCTGCCAAACTCGTCGTTATGCATTCGGTGCAAGACGGGCAGGCAGATCGGCGCGAGGCACCCGCTGGCGACATCATGGATCACATTGCGGCGTTCTTTGACGCGCGCATCGCGGCGCTGACGGGTGCCGGTATCAAACGCAACCGCCTTGTCCTTGATCCCGGCATGGGGTTTTTTCTGGGGGCTGCTCCCGAAACCTCGCTCTCGGTGCTGGCGCGGTTCGATGAATTGCGGCTGCGCTTCGATTTGCCGGTGCTTCTGTCTGTTTCGCGCAAATCCTTTCTGCGCGCGCTCACAGGCCGTGGTCCGGGGGATGTCGGGGCCGCGACACTCGCTGCAGAGCTTGCCGCCGCCGCAGGTGGAGCTGACTTCATCCGCACACACGAGCCGCGCCCCTTGCGCGACGGGCTGGCGGTATTGGCGGCGCTAAAAGAAACCGCAAGAATTCGTTAA,80,80.0
dfrA5,sul2-dfrA5,RESISTANT,SXT,GTGAAAGTATCATTAATGGCTGCAAAAGCGAAAAACGGAGTGATTGGTTGCGGTCCACACATACCCTGGTCCGCGAAAGGAGAGCAGCTACTCTTTAAAGCCTTGACGTACAACCAGTGGCTTTTGGTGGGCCGCAAGACGTTCGAATCTATGGGAGCACTCCCTAATAGGAAATACGCGGTCGTTACTCGCTCAGCCTGGACGGCCGATAATGACAACGTAATAGTATTCCCGTCGATCGAAGAGGCCATGTACGGGCTGGCTGAACTCACCGATCACGTTATAGTGTCTGGTGGCGGGGAGATTTACAGAGAAACATTGCCCATGGCCTCTACGCTCCATATATCGACGATTGATATTGAGCCGGAAGGAGATGTTTTCTTTCCGAATATTCCCAATACCTTCGAAGTTGTTTTTGAGCAACACTTTAGCTCAAACATTAACTATTGCTATCAAATTTGGCAAAAGGGTTAA,80,80.0
sul2,sul2-dfrA14,RESISTANT,SXT,ATGAATAAATCGCTCATCATTTTCGGCATCGTCAACATAACCTCGGACAGTTTCTCCGATGGAGGCCGGTATCTGGCGCCAGACGCAGCCATTGCGCAGGCGCGTAAGCTGATGGCCGAGGGGGCAGATGTGATCGACCTCGGTCCGGCATCCAGCAACCCCGACGCCGCGCCTGTTTCGTCCGACACAGAAATCGAGCGTATCGCGCCGGTGCTGGACGCGCTCAAGGCAGATGGCATTCCCGTCTCGCTCGACAGTTATCAACCCGCGACGCAAGCCTATGCCTTGTCGCGTGGTGTGGCCTATCTCAATGATATTCGCGGTTTTCCAGACGCTGCGTTCTATCCGCAATTGGCGAAATCATCTGCCAAACTCGTCGTTATGCATTCGGTGCAAGACGGGCAGGCAGATCGGCGCGAGGCACCCGCTGGCGACATCATGGATCACATTGCGGCGTTCTTTGACGCGCGCATCGCGGCGCTGACGGGTGCCGGTATCAAACGCAACCGCCTTGTCCTTGATCCCGGCATGGGGTTTTTTCTGGGGGCTGCTCCCGAAACCTCGCTCTCGGTGCTGGCGCGGTTCGATGAATTGCGGCTGCGCTTCGATTTGCCGGTGCTTCTGTCTGTTTCGCGCAAATCCTTTCTGCGCGCGCTCACAGGCCGTGGTCCGGGGGATGTCGGGGCCGCGACACTCGCTGCAGAGCTTGCCGCCGCCGCAGGTGGAGCTGACTTCATCCGCACACACGAGCCGCGCCCCTTGCGCGACGGGCTGGCGGTATTGGCGGCGCTAAAAGAAACCGCAAGAATTCGTTAA,80,80.0
dfrA14,sul2-dfrA14,RESISTANT,SXT,ATGAGAACCTTGAAAGTATCATTGATAGCTGCGAAAGCGAAAAACGGCGTGATTGGTTGCGGTCCAGACATACCCTGGTCCGCGAAAGGGGAGCAGCTACTTTTTAAAGCATTGACCTACAATCAGTGGCTTCTGGTGGGTCGCAAGACGTTTGAATCTATGGGCGCACTCCCCAATAGGAAATACGCGGTCGTTACCCGCTCAGGTTGGACATCAAATGATGACAATGTAGTTGTATTTCAGTCAATCGAAGAGGCCATGGACAGGCTAGCTGAATTCACCGGTCACGTTATAGTGTCTGGTGGCGGAGAAATTTACCGAGAAACATTACCCATGGCCTCTACGCTCCACTTATCGACGATCGACATCGAGCCAGAGGGGGATGTTTTCTTCCCGAGTATTCCAAATACCTTCGAAGTTGTTTTTGAGCAACACTTTACTTCAAACATTAACTATTGCTATCAAATTTGGAAAAAGGGTTAA,80,80.0
