Gene Name,Resistance Group,Set Effect,Effect,Resistance Profile,PID Threshold,Coverage Threshold,Source
blaBIC1_1,,RESISTANT,RESISTANCE,"Carbapenemase",80.0,80.0,
blaDIM1_1,,RESISTANT,RESISTANCE,"Carbapenemase",80.0,80.0,
blaGES8_1,,RESISTANT,RESISTANCE,"Carbapenemase",80.0,80.0,
blaGES4_1,,RESISTANT,RESISTANCE,"Carbapenemase",80.0,80.0,
blaGES3_1,,RESISTANT,RESISTANCE,"Carbapenemase",80.0,80.0,
blaGES10_1,,RESISTANT,RESISTANCE,"Carbapenemase",80.0,80.0,
blaGES9_1,,RESISTANT,RESISTANCE,"Carbapenemase",80.0,80.0,
blaGES7_1,,RESISTANT,RESISTANCE,"Carbapenemase",80.0,80.0,
blaGES14_1,,RESISTANT,RESISTANCE,"Carbapenemase",80.0,80.0,
blaGES11_1,,RESISTANT,RESISTANCE,"Carbapenemase",80.0,80.0,
blaGES12_1,,RESISTANT,RESISTANCE,"Carbapenemase",80.0,80.0,
blaGES17_1,,RESISTANT,RESISTANCE,"Carbapenemase",80.0,80.0,
blaGES1_1,,RESISTANT,RESISTANCE,"Carbapenemase",80.0,80.0,
blaGES6_1,,RESISTANT,RESISTANCE,"Carbapenemase",80.0,80.0,
blaGES13_1,,RESISTANT,RESISTANCE,"Carbapenemase",80.0,80.0,
blaGES2_1,,RESISTANT,RESISTANCE,"Carbapenemase",80.0,80.0,
blaGES5_1,,RESISTANT,RESISTANCE,"Carbapenemase",80.0,80.0,
blaGES15_1,,RESISTANT,RESISTANCE,"Carbapenemase",80.0,80.0,
blaGES16_1,,RESISTANT,RESISTANCE,"Carbapenemase",80.0,80.0,
blaGIM1_1,,RESISTANT,RESISTANCE,"Carbapenemase",80.0,80.0,
blaIMI1_1,,RESISTANT,RESISTANCE,"Carbapenemase",80.0,80.0,
blaIMI2_1,,RESISTANT,RESISTANCE,"Carbapenemase",80.0,80.0,
blaIMP1_1,,RESISTANT,RESISTANCE,"Carbapenemase",80.0,80.0,
blaIMP5_1,,RESISTANT,RESISTANCE,"Carbapenemase",80.0,80.0,
blaIMP27_1,,RESISTANT,RESISTANCE,"Carbapenemase",80.0,80.0,
blaIMP18_1,,RESISTANT,RESISTANCE,"Carbapenemase",80.0,80.0,
blaIMP1_5,,RESISTANT,RESISTANCE,"Carbapenemase",80.0,80.0,
blaIMP19_1,,RESISTANT,RESISTANCE,"Carbapenemase",80.0,80.0,
blaIMP6_1,,RESISTANT,RESISTANCE,"Carbapenemase",80.0,80.0,
blaIMP25_1,,RESISTANT,RESISTANCE,"Carbapenemase",80.0,80.0,
blaIMP13_1,,RESISTANT,RESISTANCE,"Carbapenemase",80.0,80.0,
blaIMP26_1,,RESISTANT,RESISTANCE,"Carbapenemase",80.0,80.0,
blaIMP4_2,,RESISTANT,RESISTANCE,"Carbapenemase",80.0,80.0,
blaIMP4_3,,RESISTANT,RESISTANCE,"Carbapenemase",80.0,80.0,
blaIMP9_1,,RESISTANT,RESISTANCE,"Carbapenemase",80.0,80.0,
blaIMP25_3,,RESISTANT,RESISTANCE,"Carbapenemase",80.0,80.0,
blaIMP8_1,,RESISTANT,RESISTANCE,"Carbapenemase",80.0,80.0,
blaIMP15_1,,RESISTANT,RESISTANCE,"Carbapenemase",80.0,80.0,
blaIMP22_2,,RESISTANT,RESISTANCE,"Carbapenemase",80.0,80.0,
blaIMP14_1,,RESISTANT,RESISTANCE,"Carbapenemase",80.0,80.0,
blaIMP14_2,,RESISTANT,RESISTANCE,"Carbapenemase",80.0,80.0,
blaIMP1_11,,RESISTANT,RESISTANCE,"Carbapenemase",80.0,80.0,
blaIMP16_1,,RESISTANT,RESISTANCE,"Carbapenemase",80.0,80.0,
blaIMP10_1,,RESISTANT,RESISTANCE,"Carbapenemase",80.0,80.0,
blaIMP4_6,,RESISTANT,RESISTANCE,"Carbapenemase",80.0,80.0,
blaIMP13_5,,RESISTANT,RESISTANCE,"Carbapenemase",80.0,80.0,
blaIMP12_3,,RESISTANT,RESISTANCE,"Carbapenemase",80.0,80.0,
blaIMP2_1,,RESISTANT,RESISTANCE,"Carbapenemase",80.0,80.0,
blaIMP14_3,,RESISTANT,RESISTANCE,"Carbapenemase",80.0,80.0,
blaIMP28_1,,RESISTANT,RESISTANCE,"Carbapenemase",80.0,80.0,
blaIMP29_1,,RESISTANT,RESISTANCE,"Carbapenemase",80.0,80.0,
blaIMP32,,RESISTANT,RESISTANCE,"Carbapenemase",80.0,80.0,
blaIMP33_1,,RESISTANT,RESISTANCE,"Carbapenemase",80.0,80.0,
blaIMP34_1,,RESISTANT,RESISTANCE,"Carbapenemase",80.0,80.0,
blaIMP35_1,,RESISTANT,RESISTANCE,"Carbapenemase",80.0,80.0,
blaIMP37_1,,RESISTANT,RESISTANCE,"Carbapenemase",80.0,80.0,
blaIMP38_1,,RESISTANT,RESISTANCE,"Carbapenemase",80.0,80.0,
blaIMP40_1,,RESISTANT,RESISTANCE,"Carbapenemase",80.0,80.0,
blaIMP41_1,,RESISTANT,RESISTANCE,"Carbapenemase",80.0,80.0,
blaIMP42_1,,RESISTANT,RESISTANCE,"Carbapenemase",80.0,80.0,
blaKPC3_1,,RESISTANT,RESISTANCE,"Carbapenemase",80.0,80.0,
blaKPC11_1,,RESISTANT,RESISTANCE,"Carbapenemase",80.0,80.0,
blaKPC7_1,,RESISTANT,RESISTANCE,"Carbapenemase",80.0,80.0,
blaKPC1_1,,RESISTANT,RESISTANCE,"Carbapenemase",80.0,80.0,
blaKPC8_1,,RESISTANT,RESISTANCE,"Carbapenemase",80.0,80.0,
blaKPC5_1,,RESISTANT,RESISTANCE,"Carbapenemase",80.0,80.0,
blaKPC4_1,,RESISTANT,RESISTANCE,"Carbapenemase",80.0,80.0,
blaKPC10_1,,RESISTANT,RESISTANCE,"Carbapenemase",80.0,80.0,
blaKPC6_1,,RESISTANT,RESISTANCE,"Carbapenemase",80.0,80.0,
blaNDM1_1,,RESISTANT,RESISTANCE,"Carbapenemase",80.0,80.0,
blaNMCA_1,,RESISTANT,RESISTANCE,"Carbapenemase",80.0,80.0,
blaOXA104_1,,RESISTANT,RESISTANCE,"Carbapenemase",80.0,80.0,
blaOXA134_2,,RESISTANT,RESISTANCE,"Carbapenemase",80.0,80.0,
blaOXA133_1,,RESISTANT,RESISTANCE,"Carbapenemase",80.0,80.0,
blaOXA49_1,,RESISTANT,RESISTANCE,"Carbapenemase",80.0,80.0,
blaOXA166_1,,RESISTANT,RESISTANCE,"Carbapenemase",80.0,80.0,
blaOXA167_1,,RESISTANT,RESISTANCE,"Carbapenemase",80.0,80.0,
blaOXA170_1,,RESISTANT,RESISTANCE,"Carbapenemase",80.0,80.0,
blaOXA168_1,,RESISTANT,RESISTANCE,"Carbapenemase",80.0,80.0,
blaOXA27_1,,RESISTANT,RESISTANCE,"Carbapenemase",80.0,80.0,
blaOXA73_1,,RESISTANT,RESISTANCE,"Carbapenemase",80.0,80.0,
blaOXA169_1,,RESISTANT,RESISTANCE,"Carbapenemase",80.0,80.0,
blaOXA165_1,,RESISTANT,RESISTANCE,"Carbapenemase",80.0,80.0,
blaOXA225_1,,RESISTANT,RESISTANCE,"Carbapenemase",80.0,80.0,
blaOXA171_1,,RESISTANT,RESISTANCE,"Carbapenemase",80.0,80.0,
blaOXA23_1,,RESISTANT,RESISTANCE,"Carbapenemase",80.0,80.0,
blaOXA146_1,,RESISTANT,RESISTANCE,"Carbapenemase",80.0,80.0,
blaOXA134_1,,RESISTANT,RESISTANCE,"Carbapenemase",80.0,80.0,
blaOXA67_1,,RESISTANT,RESISTANCE,"Carbapenemase",80.0,80.0,
blaOXA89_1,,RESISTANT,RESISTANCE,"Carbapenemase",80.0,80.0,
blaOXA164_1,,RESISTANT,RESISTANCE,"Carbapenemase",80.0,80.0,
blaOXA58_1,,RESISTANT,RESISTANCE,"Carbapenemase",80.0,80.0,
blaOXA97_1,,RESISTANT,RESISTANCE,"Carbapenemase",80.0,80.0,
blaOXA96_1,,RESISTANT,RESISTANCE,"Carbapenemase",80.0,80.0,
blaOXA130_1,,RESISTANT,RESISTANCE,"Carbapenemase",80.0,80.0,
blaOXA51_4,,RESISTANT,RESISTANCE,"Carbapenemase",80.0,80.0,
blaOXA108_1,,RESISTANT,RESISTANCE,"Carbapenemase",80.0,80.0,
blaOXA88_1,,RESISTANT,RESISTANCE,"Carbapenemase",80.0,80.0,
blaOXA94_1,,RESISTANT,RESISTANCE,"Carbapenemase",80.0,80.0,
blaOXA65_1,,RESISTANT,RESISTANCE,"Carbapenemase",80.0,80.0,
blaOXA90_1,,RESISTANT,RESISTANCE,"Carbapenemase",80.0,80.0,
blaOXA200_1,,RESISTANT,RESISTANCE,"Carbapenemase",80.0,80.0,
blaOXA206,,RESISTANT,RESISTANCE,"Carbapenemase",80.0,80.0,
blaOXA84_1,,RESISTANT,RESISTANCE,"Carbapenemase",80.0,80.0,
blaOXA202_1,,RESISTANT,RESISTANCE,"Carbapenemase",80.0,80.0,
blaOXA196_1,,RESISTANT,RESISTANCE,"Carbapenemase",80.0,80.0,
blaOXA175_1,,RESISTANT,RESISTANCE,"Carbapenemase",80.0,80.0,
blaOXA138_1,,RESISTANT,RESISTANCE,"Carbapenemase",80.0,80.0,
blaOXA197_1,,RESISTANT,RESISTANCE,"Carbapenemase",80.0,80.0,
blaOXA194_1,,RESISTANT,RESISTANCE,"Carbapenemase",80.0,80.0,
blaOXA195_1,,RESISTANT,RESISTANCE,"Carbapenemase",80.0,80.0,
blaOXA176_1,,RESISTANT,RESISTANCE,"Carbapenemase",80.0,80.0,
blaOXA174_1,,RESISTANT,RESISTANCE,"Carbapenemase",80.0,80.0,
blaOXA177_1,,RESISTANT,RESISTANCE,"Carbapenemase",80.0,80.0,
blaOXA82_1,,RESISTANT,RESISTANCE,"Carbapenemase",80.0,80.0,
blaOXA51_3,,RESISTANT,RESISTANCE,"Carbapenemase",80.0,80.0,
blaOXA79_1,,RESISTANT,RESISTANCE,"Carbapenemase",80.0,80.0,
blaOXA80_1,,RESISTANT,RESISTANCE,"Carbapenemase",80.0,80.0,
blaOXA115_1,,RESISTANT,RESISTANCE,"Carbapenemase",80.0,80.0,
blaOXA178_1,,RESISTANT,RESISTANCE,"Carbapenemase",80.0,80.0,
blaOXA109_1,,RESISTANT,RESISTANCE,"Carbapenemase",80.0,80.0,
blaOXA201_1,,RESISTANT,RESISTANCE,"Carbapenemase",80.0,80.0,
blaOXA66_4,,RESISTANT,RESISTANCE,"Carbapenemase",80.0,80.0,
blaOXA76_1,,RESISTANT,RESISTANCE,"Carbapenemase",80.0,80.0,
blaOXA131_1,,RESISTANT,RESISTANCE,"Carbapenemase",80.0,80.0,
blaOXA173_1,,RESISTANT,RESISTANCE,"Carbapenemase",80.0,80.0,
blaOXA172_1,,RESISTANT,RESISTANCE,"Carbapenemase",80.0,80.0,
blaOXA83_1,,RESISTANT,RESISTANCE,"Carbapenemase",80.0,80.0,
blaOXA95_1,,RESISTANT,RESISTANCE,"Carbapenemase",80.0,80.0,
blaOXA203_1,,RESISTANT,RESISTANCE,"Carbapenemase",80.0,80.0,
blaOXA150_1,,RESISTANT,RESISTANCE,"Carbapenemase",80.0,80.0,
blaOXA149_1,,RESISTANT,RESISTANCE,"Carbapenemase",80.0,80.0,
blaOXA68_1,,RESISTANT,RESISTANCE,"Carbapenemase",80.0,80.0,
blaOXA128_1,,RESISTANT,RESISTANCE,"Carbapenemase",80.0,80.0,
blaOXA144_2,,RESISTANT,RESISTANCE,"Carbapenemase",80.0,80.0,
blaOXA78_1,,RESISTANT,RESISTANCE,"Carbapenemase",80.0,80.0,
blaOXA217,,RESISTANT,RESISTANCE,"Carbapenemase",80.0,80.0,
blaOXA117_1,,RESISTANT,RESISTANCE,"Carbapenemase",80.0,80.0,
blaOXA98_1,,RESISTANT,RESISTANCE,"Carbapenemase",80.0,80.0,
blaOXA77_1,,RESISTANT,RESISTANCE,"Carbapenemase",80.0,80.0,
blaOXA91_1,,RESISTANT,RESISTANCE,"Carbapenemase",80.0,80.0,
blaOXA89_2,,RESISTANT,RESISTANCE,"Carbapenemase",80.0,80.0,
blaOXA75_1,,RESISTANT,RESISTANCE,"Carbapenemase",80.0,80.0,
blaOXA93_1,,RESISTANT,RESISTANCE,"Carbapenemase",80.0,80.0,
blaOXA106_1,,RESISTANT,RESISTANCE,"Carbapenemase",80.0,80.0,
blaOXA51_5,,RESISTANT,RESISTANCE,"Carbapenemase",80.0,80.0,
blaOXA70_1,,RESISTANT,RESISTANCE,"Carbapenemase",80.0,80.0,
blaOXA148_1,,RESISTANT,RESISTANCE,"Carbapenemase",80.0,80.0,
blaOXA51_7,,RESISTANT,RESISTANCE,"Carbapenemase",80.0,80.0,
blaOXA92_1,,RESISTANT,RESISTANCE,"Carbapenemase",80.0,80.0,
blaOXA112_1,,RESISTANT,RESISTANCE,"Carbapenemase",80.0,80.0,
blaOXA110_1,,RESISTANT,RESISTANCE,"Carbapenemase",80.0,80.0,
blaOXA69_1,,RESISTANT,RESISTANCE,"Carbapenemase",80.0,80.0,
blaOXA107_1,,RESISTANT,RESISTANCE,"Carbapenemase",80.0,80.0,
blaOXA51_10,,RESISTANT,RESISTANCE,"Carbapenemase",80.0,80.0,
blaOXA51_6,,RESISTANT,RESISTANCE,"Carbapenemase",80.0,80.0,
blaOXA208_1,,RESISTANT,RESISTANCE,"Carbapenemase",80.0,80.0,
blaOXA216_1,,RESISTANT,RESISTANCE,"Carbapenemase",80.0,80.0,
blaOXA180_1,,RESISTANT,RESISTANCE,"Carbapenemase",80.0,80.0,
blaOXA99_1,,RESISTANT,RESISTANCE,"Carbapenemase",80.0,80.0,
blaOXA111_1,,RESISTANT,RESISTANCE,"Carbapenemase",80.0,80.0,
blaOXA223_1,,RESISTANT,RESISTANCE,"Carbapenemase",80.0,80.0,
blaOXA219_1,,RESISTANT,RESISTANCE,"Carbapenemase",80.0,80.0,
blaOXA132_1,,RESISTANT,RESISTANCE,"Carbapenemase",80.0,80.0,
blaOXA51_8,,RESISTANT,RESISTANCE,"Carbapenemase",80.0,80.0,
blaOXA179_1,,RESISTANT,RESISTANCE,"Carbapenemase",80.0,80.0,
blaOXA51_9,,RESISTANT,RESISTANCE,"Carbapenemase",80.0,80.0,
blaOXA71_1,,RESISTANT,RESISTANCE,"Carbapenemase",80.0,80.0,
blaOXA113_1,,RESISTANT,RESISTANCE,"Carbapenemase",80.0,80.0,
blaOXA64_1,,RESISTANT,RESISTANCE,"Carbapenemase",80.0,80.0,
blaOXA86_1,,RESISTANT,RESISTANCE,"Carbapenemase",80.0,80.0,
blaOXA87_1,,RESISTANT,RESISTANCE,"Carbapenemase",80.0,80.0,
blaOXA162_1,,RESISTANT,RESISTANCE,"Carbapenemase",80.0,80.0,
blaOXA244_1,,RESISTANT,RESISTANCE,"Carbapenemase",80.0,80.0,
blaOXA48_2,,RESISTANT,RESISTANCE,"Carbapenemase",80.0,80.0,
blaOXA245_1,,RESISTANT,RESISTANCE,"Carbapenemase",80.0,80.0,
blaOXA163_1,,RESISTANT,RESISTANCE,"Carbapenemase",80.0,80.0,
blaOXA247_1,,RESISTANT,RESISTANCE,"Carbapenemase",80.0,80.0,
blaOXA181_1,,RESISTANT,RESISTANCE,"Carbapenemase",80.0,80.0,
blaOXA54_1,,RESISTANT,RESISTANCE,"Carbapenemase",80.0,80.0,
blaSIM1_1,,RESISTANT,RESISTANCE,"Carbapenemase",80.0,80.0,
blaSPM1_1,,RESISTANT,RESISTANCE,"Carbapenemase",80.0,80.0,
blaVIM29_1,,RESISTANT,RESISTANCE,"Carbapenemase",80.0,80.0,
blaVIM30_1,,RESISTANT,RESISTANCE,"Carbapenemase",80.0,80.0,
blaVIM31_1,,RESISTANT,RESISTANCE,"Carbapenemase",80.0,80.0,
blaVIM32_1,,RESISTANT,RESISTANCE,"Carbapenemase",80.0,80.0,
blaVIM33_1,,RESISTANT,RESISTANCE,"Carbapenemase",80.0,80.0,
blaVIM34_1,,RESISTANT,RESISTANCE,"Carbapenemase",80.0,80.0,
blaVIM35_1,,RESISTANT,RESISTANCE,"Carbapenemase",80.0,80.0,
blaVIM36_1,,RESISTANT,RESISTANCE,"Carbapenemase",80.0,80.0,
blaVIM37_1,,RESISTANT,RESISTANCE,"Carbapenemase",80.0,80.0,
blaVIM38,,RESISTANT,RESISTANCE,"Carbapenemase",80.0,80.0,
blaVIM28_1,,RESISTANT,RESISTANCE,"Carbapenemase",80.0,80.0,
blaVIM27_1,,RESISTANT,RESISTANCE,"Carbapenemase",80.0,80.0,
blaVIM24_1,,RESISTANT,RESISTANCE,"Carbapenemase",80.0,80.0,
blaVIM1_1,,RESISTANT,RESISTANCE,"Carbapenemase",80.0,80.0,
blaVIM3_1,,RESISTANT,RESISTANCE,"Carbapenemase",80.0,80.0,
blaVIM25_1,,RESISTANT,RESISTANCE,"Carbapenemase",80.0,80.0,
blaVIM19_1,,RESISTANT,RESISTANCE,"Carbapenemase",80.0,80.0,
blaVIM14_1,,RESISTANT,RESISTANCE,"Carbapenemase",80.0,80.0,
blaVIM4_1,,RESISTANT,RESISTANCE,"Carbapenemase",80.0,80.0,
blaVIM6_1,,RESISTANT,RESISTANCE,"Carbapenemase",80.0,80.0,
blaVIM11_1,,RESISTANT,RESISTANCE,"Carbapenemase",80.0,80.0,
blaVIM12_1,,RESISTANT,RESISTANCE,"Carbapenemase",80.0,80.0,
blaVIM5_1,,RESISTANT,RESISTANCE,"Carbapenemase",80.0,80.0,
blaVIM10_1,,RESISTANT,RESISTANCE,"Carbapenemase",80.0,80.0,
blaVIM9_1,,RESISTANT,RESISTANCE,"Carbapenemase",80.0,80.0,
blaVIM8_1,,RESISTANT,RESISTANCE,"Carbapenemase",80.0,80.0,
blaVIM20_1,,RESISTANT,RESISTANCE,"Carbapenemase",80.0,80.0,
blaVIM23_1,,RESISTANT,RESISTANCE,"Carbapenemase",80.0,80.0,
blaVIM18_1,,RESISTANT,RESISTANCE,"Carbapenemase",80.0,80.0,
blaVIM13_1,,RESISTANT,RESISTANCE,"Carbapenemase",80.0,80.0,
blaVIM16_1,,RESISTANT,RESISTANCE,"Carbapenemase",80.0,80.0,
blaVIM15_1,,RESISTANT,RESISTANCE,"Carbapenemase",80.0,80.0,
blaVIM7_1,,RESISTANT,RESISTANCE,"Carbapenemase",80.0,80.0,
blaVIM17_1,,RESISTANT,RESISTANCE,"Carbapenemase",80.0,80.0,
blaVIM26_1,,RESISTANT,RESISTANCE,"Carbapenemase",80.0,80.0,
blaVIM2_2,,RESISTANT,RESISTANCE,"Carbapenemase",80.0,80.0,
blaAIM,,RESISTANT,RESISTANCE,"Carbapenemase",80.0,80.0,
blaNDM10,,RESISTANT,RESISTANCE,"Carbapenemase",80.0,80.0,
blaNDM11,,RESISTANT,RESISTANCE,"Carbapenemase",80.0,80.0,
blaNDM12,,RESISTANT,RESISTANCE,"Carbapenemase",80.0,80.0,
blaNDM13,,RESISTANT,RESISTANCE,"Carbapenemase",80.0,80.0,
blaNDM14,,RESISTANT,RESISTANCE,"Carbapenemase",80.0,80.0,
blaNDM15,,RESISTANT,RESISTANCE,"Carbapenemase",80.0,80.0,
blaNDM16,,RESISTANT,RESISTANCE,"Carbapenemase",80.0,80.0,
blaNDM2,,RESISTANT,RESISTANCE,"Carbapenemase",80.0,80.0,
blaNDM3,,RESISTANT,RESISTANCE,"Carbapenemase",80.0,80.0,
blaNDM4,,RESISTANT,RESISTANCE,"Carbapenemase",80.0,80.0,
blaNDM5,,RESISTANT,RESISTANCE,"Carbapenemase",80.0,80.0,
blaNDM6,,RESISTANT,RESISTANCE,"Carbapenemase",80.0,80.0,
blaNDM7,,RESISTANT,RESISTANCE,"Carbapenemase",80.0,80.0,
blaNDM8,,RESISTANT,RESISTANCE,"Carbapenemase",80.0,80.0,
blaNDM9,,RESISTANT,RESISTANCE,"Carbapenemase",80.0,80.0,
blaOXA100,,RESISTANT,RESISTANCE,"Carbapenemase",80.0,80.0,
blaOXA120,,RESISTANT,RESISTANCE,"Carbapenemase",80.0,80.0,
blaOXA199,,RESISTANT,RESISTANCE,"Carbapenemase",80.0,80.0,
blaOXA204,,RESISTANT,RESISTANCE,"Carbapenemase",80.0,80.0,
blaOXA232,,RESISTANT,RESISTANCE,"Carbapenemase",80.0,80.0,
blaOXA248,,RESISTANT,RESISTANCE,"Carbapenemase",80.0,80.0,
blaOXA249,,RESISTANT,RESISTANCE,"Carbapenemase",80.0,80.0,
blaOXA250,,RESISTANT,RESISTANCE,"Carbapenemase",80.0,80.0,
blaOXA254,,RESISTANT,RESISTANCE,"Carbapenemase",80.0,80.0,
blaOXA259,,RESISTANT,RESISTANCE,"Carbapenemase",80.0,80.0,
blaOXA261,,RESISTANT,RESISTANCE,"Carbapenemase",80.0,80.0,
blaOXA262,,RESISTANT,RESISTANCE,"Carbapenemase",80.0,80.0,
blaOXA263,,RESISTANT,RESISTANCE,"Carbapenemase",80.0,80.0,
blaOXA312,,RESISTANT,RESISTANCE,"Carbapenemase",80.0,80.0,
blaOXA313,,RESISTANT,RESISTANCE,"Carbapenemase",80.0,80.0,
blaOXA314,,RESISTANT,RESISTANCE,"Carbapenemase",80.0,80.0,
blaOXA315,,RESISTANT,RESISTANCE,"Carbapenemase",80.0,80.0,
blaOXA316,,RESISTANT,RESISTANCE,"Carbapenemase",80.0,80.0,
blaOXA317,,RESISTANT,RESISTANCE,"Carbapenemase",80.0,80.0,
blaOXA338,,RESISTANT,RESISTANCE,"Carbapenemase",80.0,80.0,
blaOXA365,,RESISTANT,RESISTANCE,"Carbapenemase",80.0,80.0,
blaOXA366,,RESISTANT,RESISTANCE,"Carbapenemase",80.0,80.0,
blaOXA370,,RESISTANT,RESISTANCE,"Carbapenemase",80.0,80.0,
blaOXA371,,RESISTANT,RESISTANCE,"Carbapenemase",80.0,80.0,
blaOXA374,,RESISTANT,RESISTANCE,"Carbapenemase",80.0,80.0,
blaOXA375,,RESISTANT,RESISTANCE,"Carbapenemase",80.0,80.0,
blaOXA376,,RESISTANT,RESISTANCE,"Carbapenemase",80.0,80.0,
blaOXA377,,RESISTANT,RESISTANCE,"Carbapenemase",80.0,80.0,
blaOXA378,,RESISTANT,RESISTANCE,"Carbapenemase",80.0,80.0,
blaOXA379,,RESISTANT,RESISTANCE,"Carbapenemase",80.0,80.0,
blaOXA380,,RESISTANT,RESISTANCE,"Carbapenemase",80.0,80.0,
blaOXA381,,RESISTANT,RESISTANCE,"Carbapenemase",80.0,80.0,
blaOXA382,,RESISTANT,RESISTANCE,"Carbapenemase",80.0,80.0,
blaOXA383,,RESISTANT,RESISTANCE,"Carbapenemase",80.0,80.0,
blaOXA384,,RESISTANT,RESISTANCE,"Carbapenemase",80.0,80.0,
blaOXA385,,RESISTANT,RESISTANCE,"Carbapenemase",80.0,80.0,
blaOXA386,,RESISTANT,RESISTANCE,"Carbapenemase",80.0,80.0,
blaOXA388,,RESISTANT,RESISTANCE,"Carbapenemase",80.0,80.0,
blaOXA389,,RESISTANT,RESISTANCE,"Carbapenemase",80.0,80.0,
blaOXA390,,RESISTANT,RESISTANCE,"Carbapenemase",80.0,80.0,
blaOXA391,,RESISTANT,RESISTANCE,"Carbapenemase",80.0,80.0,
blaOXA397,,RESISTANT,RESISTANCE,"Carbapenemase",80.0,80.0,
blaOXA398,,RESISTANT,RESISTANCE,"Carbapenemase",80.0,80.0,
blaOXA405,,RESISTANT,RESISTANCE,"Carbapenemase",80.0,80.0,
blaOXA420,,RESISTANT,RESISTANCE,"Carbapenemase",80.0,80.0,
blaOXA422,,RESISTANT,RESISTANCE,"Carbapenemase",80.0,80.0,
blaOXA423,,RESISTANT,RESISTANCE,"Carbapenemase",80.0,80.0,
blaOXA424,,RESISTANT,RESISTANCE,"Carbapenemase",80.0,80.0,
blaOXA425,,RESISTANT,RESISTANCE,"Carbapenemase",80.0,80.0,
blaOXA426,,RESISTANT,RESISTANCE,"Carbapenemase",80.0,80.0,
blaOXA429,,RESISTANT,RESISTANCE,"Carbapenemase",80.0,80.0,
blaOXA430,,RESISTANT,RESISTANCE,"Carbapenemase",80.0,80.0,
blaOXA431,,RESISTANT,RESISTANCE,"Carbapenemase",80.0,80.0,
blaOXA432,,RESISTANT,RESISTANCE,"Carbapenemase",80.0,80.0,
blaOXA433,,RESISTANT,RESISTANCE,"Carbapenemase",80.0,80.0,
blaOXA435,,RESISTANT,RESISTANCE,"Carbapenemase",80.0,80.0,
blaOXA439,,RESISTANT,RESISTANCE,"Carbapenemase",80.0,80.0,
blaOXA440,,RESISTANT,RESISTANCE,"Carbapenemase",80.0,80.0,
blaOXA481,,RESISTANT,RESISTANCE,"Carbapenemase",80.0,80.0,
blaOXA482,,RESISTANT,RESISTANCE,"Carbapenemase",80.0,80.0,
blaOXA483,,RESISTANT,RESISTANCE,"Carbapenemase",80.0,80.0,
blaOXA484,,RESISTANT,RESISTANCE,"Carbapenemase",80.0,80.0,
blaOXA239,,RESISTANT,RESISTANCE,"Carbapenemase",80.0,80.0,
blaOXA241,,RESISTANT,RESISTANCE,"Carbapenemase",80.0,80.0,
blaOXA242,,RESISTANT,RESISTANCE,"Carbapenemase",80.0,80.0,
blaIMP11,,RESISTANT,RESISTANCE,"Carbapenemase",80.0,80.0,
blaIMP20,,RESISTANT,RESISTANCE,"Carbapenemase",80.0,80.0,
blaIMP21,,RESISTANT,RESISTANCE,"Carbapenemase",80.0,80.0,
blaIMP24,,RESISTANT,RESISTANCE,"Carbapenemase",80.0,80.0,
blaIMP30,,RESISTANT,RESISTANCE,"Carbapenemase",80.0,80.0,
blaIMP31,,RESISTANT,RESISTANCE,"Carbapenemase",80.0,80.0,
blaIMP3,,RESISTANT,RESISTANCE,"Carbapenemase",80.0,80.0,
blaIMP43,,RESISTANT,RESISTANCE,"Carbapenemase",80.0,80.0,
blaIMP44,,RESISTANT,RESISTANCE,"Carbapenemase",80.0,80.0,
blaIMP45,,RESISTANT,RESISTANCE,"Carbapenemase",80.0,80.0,
blaIMP48,,RESISTANT,RESISTANCE,"Carbapenemase",80.0,80.0,
blaIMP49,,RESISTANT,RESISTANCE,"Carbapenemase",80.0,80.0,
blaIMP51,,RESISTANT,RESISTANCE,"Carbapenemase",80.0,80.0,
blaIMP52,,RESISTANT,RESISTANCE,"Carbapenemase",80.0,80.0,
blaIMP7,,RESISTANT,RESISTANCE,"Carbapenemase",80.0,80.0,
blaKPC12,,RESISTANT,RESISTANCE,"Carbapenemase",80.0,80.0,
blaKPC13,,RESISTANT,RESISTANCE,"Carbapenemase",80.0,80.0,
blaKPC14,,RESISTANT,RESISTANCE,"Carbapenemase",80.0,80.0,
blaKPC15,,RESISTANT,RESISTANCE,"Carbapenemase",80.0,80.0,
blaKPC16,,RESISTANT,RESISTANCE,"Carbapenemase",80.0,80.0,
blaKPC17,,RESISTANT,RESISTANCE,"Carbapenemase",80.0,80.0,
blaKPC18,,RESISTANT,RESISTANCE,"Carbapenemase",80.0,80.0,
blaKPC19,,RESISTANT,RESISTANCE,"Carbapenemase",80.0,80.0,
blaKPC22,,RESISTANT,RESISTANCE,"Carbapenemase",80.0,80.0,
blaKPC24,,RESISTANT,RESISTANCE,"Carbapenemase",80.0,80.0,
blaKPC2,,RESISTANT,RESISTANCE,"Carbapenemase",80.0,80.0,
blaGES18,,RESISTANT,RESISTANCE,"Carbapenemase",80.0,80.0,
blaGES19,,RESISTANT,RESISTANCE,"Carbapenemase",80.0,80.0,
blaGES20,,RESISTANT,RESISTANCE,"Carbapenemase",80.0,80.0,
blaGES21,,RESISTANT,RESISTANCE,"Carbapenemase",80.0,80.0,
blaGES22,,RESISTANT,RESISTANCE,"Carbapenemase",80.0,80.0,
blaGES23,,RESISTANT,RESISTANCE,"Carbapenemase",80.0,80.0,
blaGES24,,RESISTANT,RESISTANCE,"Carbapenemase",80.0,80.0,
blaGES26,,RESISTANT,RESISTANCE,"Carbapenemase",80.0,80.0,
blaVIM39,,RESISTANT,RESISTANCE,"Carbapenemase",80.0,80.0,
blaVIM40,,RESISTANT,RESISTANCE,"Carbapenemase",80.0,80.0,
blaVIM41,,RESISTANT,RESISTANCE,"Carbapenemase",80.0,80.0,
blaVIM42,,RESISTANT,RESISTANCE,"Carbapenemase",80.0,80.0,
blaVIM43,,RESISTANT,RESISTANCE,"Carbapenemase",80.0,80.0,
blaVIM44,,RESISTANT,RESISTANCE,"Carbapenemase",80.0,80.0,
blaVIM45,,RESISTANT,RESISTANCE,"Carbapenemase",80.0,80.0,
blaVIM46,,RESISTANT,RESISTANCE,"Carbapenemase",80.0,80.0,
blaVIM47,,RESISTANT,RESISTANCE,"Carbapenemase",80.0,80.0,
blaVIM49,,RESISTANT,RESISTANCE,"Carbapenemase",80.0,80.0,
blaVIM50,,RESISTANT,RESISTANCE,"Carbapenemase",80.0,80.0,
blaVIM51,,RESISTANT,RESISTANCE,"Carbapenemase",80.0,80.0,
blaKPC21,,RESISTANT,RESISTANCE,"Carbapenemase",80.0,80.0,
blaKPC25,,RESISTANT,RESISTANCE,"Carbapenemase",80.0,80.0,
blaKPC26,,RESISTANT,RESISTANCE,"Carbapenemase",80.0,80.0,
blaOXA387_NG,,RESISTANT,RESISTANCE,"blaOXA387_NG",80.0,80.0,
blaOXA400_NG,,RESISTANT,RESISTANCE,"blaOXA400_NG",80.0,80.0,
blaOXA401_NG,,RESISTANT,RESISTANCE,"blaOXA401_NG",80.0,80.0,
blaOXA402_NG,,RESISTANT,RESISTANCE,"blaOXA402_NG",80.0,80.0,
blaOXA403_NG,,RESISTANT,RESISTANCE,"blaOXA403_NG",80.0,80.0,
blaOXA404_NG,,RESISTANT,RESISTANCE,"blaOXA404_NG",80.0,80.0,
blaOXA406_NG,,RESISTANT,RESISTANCE,"blaOXA406_NG",80.0,80.0,
blaOXA407_NG,,RESISTANT,RESISTANCE,"blaOXA407_NG",80.0,80.0,
blaOXA408_NG,,RESISTANT,RESISTANCE,"blaOXA408_NG",80.0,80.0,
blaOXA409_NG,,RESISTANT,RESISTANCE,"blaOXA409_NG",80.0,80.0,
blaOXA411_NG,,RESISTANT,RESISTANCE,"blaOXA411_NG",80.0,80.0,
blaOXA412_NG,,RESISTANT,RESISTANCE,"blaOXA412_NG",80.0,80.0,
blaOXA413_NG,,RESISTANT,RESISTANCE,"blaOXA413_NG",80.0,80.0,
blaOXA414_NG,,RESISTANT,RESISTANCE,"blaOXA414_NG",80.0,80.0,
blaOXA416_NG,,RESISTANT,RESISTANCE,"blaOXA416_NG",80.0,80.0,
blaOXA480_NG,,RESISTANT,RESISTANCE,"blaOXA480_NG",80.0,80.0,
blaOXA436_NG,,RESISTANT,RESISTANCE,"blaOXA436_NG",80.0,80.0,
blaOXA438_NG,,RESISTANT,RESISTANCE,"blaOXA438_NG",80.0,80.0,
blaOXA441_NG,,RESISTANT,RESISTANCE,"blaOXA441_NG",80.0,80.0,
blaOXA442_NG,,RESISTANT,RESISTANCE,"blaOXA442_NG",80.0,80.0,
blaOXA497_NG,,RESISTANT,RESISTANCE,"blaOXA497_NG",80.0,80.0,
blaOXA505_NG,,RESISTANT,RESISTANCE,"blaOXA505_NG",80.0,80.0,
blaOXA507_NG,,RESISTANT,RESISTANCE,"blaOXA507_NG",80.0,80.0,
blaOXA508_NG,,RESISTANT,RESISTANCE,"blaOXA508_NG",80.0,80.0,
blaOXA509_NG,,RESISTANT,RESISTANCE,"blaOXA509_NG",80.0,80.0,
blaOXA512_NG,,RESISTANT,RESISTANCE,"blaOXA512_NG",80.0,80.0,
blaOXA516_NG,,RESISTANT,RESISTANCE,"blaOXA516_NG",80.0,80.0,
blaOXA234_NG,,RESISTANT,RESISTANCE,"blaOXA234_NG",80.0,80.0,
blaOXA252_NG,,RESISTANT,RESISTANCE,"blaOXA252_NG",80.0,80.0,
blaOXA521_NG,,RESISTANT,RESISTANCE,"blaOXA521_NG",80.0,80.0,
blaOXA121_NG,,RESISTANT,RESISTANCE,"blaOXA121_NG",80.0,80.0,
blaOXA122_NG,,RESISTANT,RESISTANCE,"blaOXA122_NG",80.0,80.0,
blaOXA123_NG,,RESISTANT,RESISTANCE,"blaOXA123_NG",80.0,80.0,
blaOXA124_NG,,RESISTANT,RESISTANCE,"blaOXA124_NG",80.0,80.0,
blaOXA125_NG,,RESISTANT,RESISTANCE,"blaOXA125_NG",80.0,80.0,
blaOXA126_NG,,RESISTANT,RESISTANCE,"blaOXA126_NG",80.0,80.0,
blaOXA127_NG,,RESISTANT,RESISTANCE,"blaOXA127_NG",80.0,80.0,
blaOXA336_NG,,RESISTANT,RESISTANCE,"blaOXA336_NG",80.0,80.0,
blaOXA337_NG,,RESISTANT,RESISTANCE,"blaOXA337_NG",80.0,80.0,
blaOXA339_NG,,RESISTANT,RESISTANCE,"blaOXA339_NG",80.0,80.0,
blaOXA340_NG,,RESISTANT,RESISTANCE,"blaOXA340_NG",80.0,80.0,
blaOXA341_NG,,RESISTANT,RESISTANCE,"blaOXA341_NG",80.0,80.0,
blaOXA342_NG,,RESISTANT,RESISTANCE,"blaOXA342_NG",80.0,80.0,
blaOXA343_NG,,RESISTANT,RESISTANCE,"blaOXA343_NG",80.0,80.0,
blaOXA344_NG,,RESISTANT,RESISTANCE,"blaOXA344_NG",80.0,80.0,
blaOXA345_NG,,RESISTANT,RESISTANCE,"blaOXA345_NG",80.0,80.0,
blaOXA346_NG,,RESISTANT,RESISTANCE,"blaOXA346_NG",80.0,80.0,
blaOXA532_NG,,RESISTANT,RESISTANCE,"blaOXA532_NG",80.0,80.0,
blaOXA531_NG,,RESISTANT,RESISTANCE,"blaOXA531_NG",80.0,80.0,
blaOXA530_NG,,RESISTANT,RESISTANCE,"blaOXA530_NG",80.0,80.0,
blaOXA529_NG,,RESISTANT,RESISTANCE,"blaOXA529_NG",80.0,80.0,
blaOXA528_NG,,RESISTANT,RESISTANCE,"blaOXA528_NG",80.0,80.0,
blaOXA527_NG,,RESISTANT,RESISTANCE,"blaOXA527_NG",80.0,80.0,
blaOXA525_NG,,RESISTANT,RESISTANCE,"blaOXA525_NG",80.0,80.0,
blaOXA524_NG,,RESISTANT,RESISTANCE,"blaOXA524_NG",80.0,80.0,
blaOXA523_NG,,RESISTANT,RESISTANCE,"blaOXA523_NG",80.0,80.0,
blaOXA511_NG,,RESISTANT,RESISTANCE,"blaOXA511_NG",80.0,80.0,
blaOXA510_NG,,RESISTANT,RESISTANCE,"blaOXA510_NG",80.0,80.0,
blaOXA467,,RESISTANT,RESISTANCE,"Carbapenemase",80.0,80.0,
blaOXA514,,RESISTANT,RESISTANCE,"Carbapenemase",80.0,80.0,
blaOXA515,,RESISTANT,RESISTANCE,"Carbapenemase",80.0,80.0,
blaOXA260,,RESISTANT,RESISTANCE,"Carbapenemase",80.0,80.0,
blaOXA103,,RESISTANT,RESISTANCE,"Carbapenemase",80.0,80.0,
blaIMP23,,RESISTANT,RESISTANCE,"Carbapenemase",80.0,80.0,
blaIMP54,,RESISTANT,RESISTANCE,"Carbapenemase",80.0,80.0,
blaIMP55,,RESISTANT,RESISTANCE,"Carbapenemase",80.0,80.0,
blaIMP56,,RESISTANT,RESISTANCE,"Carbapenemase",80.0,80.0,
blaIMP58,,RESISTANT,RESISTANCE,"Carbapenemase",80.0,80.0,
blaIMP53,,RESISTANT,RESISTANCE,"Carbapenemase",80.0,80.0,
blaGES25,,RESISTANT,RESISTANCE,"Carbapenemase",80.0,80.0,
blaGES27,,RESISTANT,RESISTANCE,"Carbapenemase",80.0,80.0,
blaGES28,,RESISTANT,RESISTANCE,"Carbapenemase",80.0,80.0,
blaGES29,,RESISTANT,RESISTANCE,"Carbapenemase",80.0,80.0,
blaGES30,,RESISTANT,RESISTANCE,"Carbapenemase",80.0,80.0,
blaGES31,,RESISTANT,RESISTANCE,"Carbapenemase",80.0,80.0,
blaLMB_1,,RESISTANT,RESISTANCE,"Carbapenemase",80.0,80.0,
Mcr1,,RESISTANT,RESISTANCE,"Colistin",80.0,80.0,
Mcr2,,RESISTANT,RESISTANCE,"Colistin",80.0,80.0,
Mcr3,,RESISTANT,RESISTANCE,"Colistin",80.0,80.0,
Mcr4,,RESISTANT,RESISTANCE,"Colistin",80.0,80.0,
Mcr1-2,,RESISTANT,RESISTANCE,"Colistin",80.0,80.0,
Mcr1_Mcr1-3,,RESISTANT,RESISTANCE,"Colistin",80.0,80.0,
Mcr1_Mcr1-4,,RESISTANT,RESISTANCE,"Colistin",80.0,80.0,
Mcr1_Mcr1-5,,RESISTANT,RESISTANCE,"Colistin",80.0,80.0,
Mcr1_Mcr1-6,,RESISTANT,RESISTANCE,"Colistin",80.0,80.0,
Mcr1_Mcr1-7,,RESISTANT,RESISTANCE,"Colistin",80.0,80.0,
Mcr-5_1,,RESISTANT,RESISTANCE,"Colistin",80.0,80.0,
Mcr-5.2_1,,RESISTANT,RESISTANCE,"Colistin",80.0,80.0,
Mcr-6.1_1,,RESISTANT,RESISTANCE,"Colistin",80.0,80.0,
Mcr-7.1_1,,RESISTANT,RESISTANCE,"Colistin",80.0,80.0,
Mcr-8_1,,RESISTANT,RESISTANCE,"Colistin",80.0,80.0,
blaCTX-M-142_1,,INTERMEDIATE_NOT_ADDITIVE,RESISTANCE,"CAZ,CRO,FEP,FOX",100.0,90.0
blaVEB-2_1,,INTERMEDIATE_NOT_ADDITIVE,RESISTANCE,"CAZ,CRO,FEP,FOX",100.0,90.0
blaVEB-1_1,,INTERMEDIATE_NOT_ADDITIVE,RESISTANCE,"CAZ,CRO,FEP,FOX",100.0,90.0
blaCTX-M-60_1,,INTERMEDIATE_NOT_ADDITIVE,RESISTANCE,"CAZ,CRO,FEP,FOX",100.0,90.0
blaCTX-M-67_1,,INTERMEDIATE_NOT_ADDITIVE,RESISTANCE,"CAZ,CRO,FEP,FOX",100.0,90.0
blaCTX-M-147_1,,INTERMEDIATE_NOT_ADDITIVE,RESISTANCE,"CAZ,CRO,FEP,FOX",100.0,90.0
blaCTX-M-34_1,,INTERMEDIATE_NOT_ADDITIVE,RESISTANCE,"CAZ,CRO,FEP,FOX",100.0,90.0
blaCTX-M-13_2,,INTERMEDIATE_NOT_ADDITIVE,RESISTANCE,"CAZ,CRO,FEP,FOX",100.0,90.0
blaCTX-M-123_1,,INTERMEDIATE_NOT_ADDITIVE,RESISTANCE,"CAZ,CRO,FEP,FOX",100.0,90.0
blaCTX-M-124_1,,INTERMEDIATE_NOT_ADDITIVE,RESISTANCE,"CAZ,CRO,FEP,FOX",100.0,90.0
blaCTX-M-136_1,,INTERMEDIATE_NOT_ADDITIVE,RESISTANCE,"CAZ,CRO,FEP,FOX",100.0,90.0
blaCTX-M-92_1,,INTERMEDIATE_NOT_ADDITIVE,RESISTANCE,"CAZ,CRO,FEP,FOX",100.0,90.0
blaCTX-M-12_1,,INTERMEDIATE_NOT_ADDITIVE,RESISTANCE,"CAZ,CRO,FEP,FOX",100.0,90.0
blaCTX-M-1_6,,INTERMEDIATE_NOT_ADDITIVE,RESISTANCE,"CAZ,CRO,FEP,FOX",100.0,90.0
blaCTX-M-91_1,,INTERMEDIATE_NOT_ADDITIVE,RESISTANCE,"CAZ,CRO,FEP,FOX",100.0,90.0
blaCTX-M-26_1,,INTERMEDIATE_NOT_ADDITIVE,RESISTANCE,"CAZ,CRO,FEP,FOX",100.0,90.0
blaCTX-M-64_1,,INTERMEDIATE_NOT_ADDITIVE,RESISTANCE,"CAZ,CRO,FEP,FOX",100.0,90.0
blaCTX-M-101_1,,INTERMEDIATE_NOT_ADDITIVE,RESISTANCE,"CAZ,CRO,FEP,FOX",100.0,90.0
blaSHV12_1,,INTERMEDIATE_NOT_ADDITIVE,RESISTANCE,"CAZ,CRO,FEP,FOX",100.0,90.0
blaCTX-M-43_1,,INTERMEDIATE_NOT_ADDITIVE,RESISTANCE,"CAZ,CRO,FEP,FOX",100.0,90.0
blaCTX-M-24_1,,INTERMEDIATE_NOT_ADDITIVE,RESISTANCE,"CAZ,CRO,FEP,FOX",100.0,90.0
blaCTX-M-51_1,,INTERMEDIATE_NOT_ADDITIVE,RESISTANCE,"CAZ,CRO,FEP,FOX",100.0,90.0
blaTEM124_1,,INTERMEDIATE_NOT_ADDITIVE,RESISTANCE,"CAZ,CRO,FEP,FOX",100.0,90.0
blaCTX-M-31_1,,INTERMEDIATE_NOT_ADDITIVE,RESISTANCE,"CAZ,CRO,FEP,FOX",100.0,90.0
blaCTX-M-15_70,,INTERMEDIATE_NOT_ADDITIVE,RESISTANCE,"CAZ,CRO,FEP,FOX",100.0,90.0
blaCTX-M-121_1,,INTERMEDIATE_NOT_ADDITIVE,RESISTANCE,"CAZ,CRO,FEP,FOX",100.0,90.0
blaCTX-M-100_1,,INTERMEDIATE_NOT_ADDITIVE,RESISTANCE,"CAZ,CRO,FEP,FOX",100.0,90.0
blaCTX-M-17_2,,INTERMEDIATE_NOT_ADDITIVE,RESISTANCE,"CAZ,CRO,FEP,FOX",100.0,90.0
blaCTX-M-25_1,,INTERMEDIATE_NOT_ADDITIVE,RESISTANCE,"CAZ,CRO,FEP,FOX",100.0,90.0
blaCTX-M-125_1,,INTERMEDIATE_NOT_ADDITIVE,RESISTANCE,"CAZ,CRO,FEP,FOX",100.0,90.0
blaCTX-M-16_1,,INTERMEDIATE_NOT_ADDITIVE,RESISTANCE,"CAZ,CRO,FEP,FOX",100.0,90.0
blaCTX-M-98_1,,INTERMEDIATE_NOT_ADDITIVE,RESISTANCE,"CAZ,CRO,FEP,FOX",100.0,90.0
blaCTX-M-69_1,,INTERMEDIATE_NOT_ADDITIVE,RESISTANCE,"CAZ,CRO,FEP,FOX",100.0,90.0
blaCTX-M-48_1,,INTERMEDIATE_NOT_ADDITIVE,RESISTANCE,"CAZ,CRO,FEP,FOX",100.0,90.0
blaCTX-M-94_1,,INTERMEDIATE_NOT_ADDITIVE,RESISTANCE,"CAZ,CRO,FEP,FOX",100.0,90.0
blaCTX-M-77_1,,INTERMEDIATE_NOT_ADDITIVE,RESISTANCE,"CAZ,CRO,FEP,FOX",100.0,90.0
blaCTX-M-126_1,,INTERMEDIATE_NOT_ADDITIVE,RESISTANCE,"CAZ,CRO,FEP,FOX",100.0,90.0
blaCTX-M-83_1,,INTERMEDIATE_NOT_ADDITIVE,RESISTANCE,"CAZ,CRO,FEP,FOX",100.0,90.0
blaCTX-M-134_1,,INTERMEDIATE_NOT_ADDITIVE,RESISTANCE,"CAZ,CRO,FEP,FOX",100.0,90.0
blaSHV41_1,,INTERMEDIATE_NOT_ADDITIVE,RESISTANCE,"CAZ,CRO,FEP,FOX",100.0,90.0
blaCTX-M-40_1,,INTERMEDIATE_NOT_ADDITIVE,RESISTANCE,"CAZ,CRO,FEP,FOX",100.0,90.0
blaCTX-M-54_1,,INTERMEDIATE_NOT_ADDITIVE,RESISTANCE,"CAZ,CRO,FEP,FOX",100.0,90.0
blaCTX-M-86_1,,INTERMEDIATE_NOT_ADDITIVE,RESISTANCE,"CAZ,CRO,FEP,FOX",100.0,90.0
blaCTX-M-14_5,,INTERMEDIATE_NOT_ADDITIVE,RESISTANCE,"CAZ,CRO,FEP,FOX",100.0,90.0
blaCTX-M-33_1,,INTERMEDIATE_NOT_ADDITIVE,RESISTANCE,"CAZ,CRO,FEP,FOX",100.0,90.0
blaSHV31_1,,INTERMEDIATE_NOT_ADDITIVE,RESISTANCE,"CAZ,CRO,FEP,FOX",100.0,90.0
blaCTX-M-19_1,,INTERMEDIATE_NOT_ADDITIVE,RESISTANCE,"CAZ,CRO,FEP,FOX",100.0,90.0
blaCTX-M-27_1,,INTERMEDIATE_NOT_ADDITIVE,RESISTANCE,"CAZ,CRO,FEP,FOX",100.0,90.0
blaVEB-7_1,,INTERMEDIATE_NOT_ADDITIVE,RESISTANCE,"CAZ,CRO,FEP,FOX",100.0,90.0
blaCTX-M-105_1,,INTERMEDIATE_NOT_ADDITIVE,RESISTANCE,"CAZ,CRO,FEP,FOX",100.0,90.0
blaCTX-M-15_64,,INTERMEDIATE_NOT_ADDITIVE,RESISTANCE,"CAZ,CRO,FEP,FOX",100.0,90.0
blaCTX-M-52_1,,INTERMEDIATE_NOT_ADDITIVE,RESISTANCE,"CAZ,CRO,FEP,FOX",100.0,90.0
blaCTX-M-9_1,,INTERMEDIATE_NOT_ADDITIVE,RESISTANCE,"CAZ,CRO,FEP,FOX",100.0,90.0
blaCTX-M-66_1,,INTERMEDIATE_NOT_ADDITIVE,RESISTANCE,"CAZ,CRO,FEP,FOX",100.0,90.0
blaCTX-M-32_2,,INTERMEDIATE_NOT_ADDITIVE,RESISTANCE,"CAZ,CRO,FEP,FOX",100.0,90.0
blaCTX-M-55_2,,INTERMEDIATE_NOT_ADDITIVE,RESISTANCE,"CAZ,CRO,FEP,FOX",100.0,90.0
blaVEB-4_1,,INTERMEDIATE_NOT_ADDITIVE,RESISTANCE,"CAZ,CRO,FEP,FOX",100.0,90.0
blaCTX-M-111_1,,INTERMEDIATE_NOT_ADDITIVE,RESISTANCE,"CAZ,CRO,FEP,FOX",100.0,90.0
blaCTX-M-1_4,,INTERMEDIATE_NOT_ADDITIVE,RESISTANCE,"CAZ,CRO,FEP,FOX",100.0,90.0
blaCTX-M-82_1,,INTERMEDIATE_NOT_ADDITIVE,RESISTANCE,"CAZ,CRO,FEP,FOX",100.0,90.0
blaCTX-M-131_1,,INTERMEDIATE_NOT_ADDITIVE,RESISTANCE,"CAZ,CRO,FEP,FOX",100.0,90.0
blaCTX-M-90_1,,INTERMEDIATE_NOT_ADDITIVE,RESISTANCE,"CAZ,CRO,FEP,FOX",100.0,90.0
blaCTX-M-22_3,,INTERMEDIATE_NOT_ADDITIVE,RESISTANCE,"CAZ,CRO,FEP,FOX",100.0,90.0
blaCTX-M-39_1,,INTERMEDIATE_NOT_ADDITIVE,RESISTANCE,"CAZ,CRO,FEP,FOX",100.0,90.0
blaCTX-M-130_1,,INTERMEDIATE_NOT_ADDITIVE,RESISTANCE,"CAZ,CRO,FEP,FOX",100.0,90.0
blaCTX-M-129_1,,INTERMEDIATE_NOT_ADDITIVE,RESISTANCE,"CAZ,CRO,FEP,FOX",100.0,90.0
blaCTX-M-139_1,,INTERMEDIATE_NOT_ADDITIVE,RESISTANCE,"CAZ,CRO,FEP,FOX",100.0,90.0
blaCTX-M-58_1,,INTERMEDIATE_NOT_ADDITIVE,RESISTANCE,"CAZ,CRO,FEP,FOX",100.0,90.0
blaVEB-8_1,,INTERMEDIATE_NOT_ADDITIVE,RESISTANCE,"CAZ,CRO,FEP,FOX",100.0,90.0
blaCTX-M-28_6,,INTERMEDIATE_NOT_ADDITIVE,RESISTANCE,"CAZ,CRO,FEP,FOX",100.0,90.0
blaCTX-M-5_8,,INTERMEDIATE_NOT_ADDITIVE,RESISTANCE,"CAZ,CRO,FEP,FOX",100.0,90.0
blaCTX-M-24_2,,INTERMEDIATE_NOT_ADDITIVE,RESISTANCE,"CAZ,CRO,FEP,FOX",100.0,90.0
blaCTX-M-50_1,,INTERMEDIATE_NOT_ADDITIVE,RESISTANCE,"CAZ,CRO,FEP,FOX",100.0,90.0
blaCTX-M-72_1,,INTERMEDIATE_NOT_ADDITIVE,RESISTANCE,"CAZ,CRO,FEP,FOX",100.0,90.0
blaCTX-M-78_1,,INTERMEDIATE_NOT_ADDITIVE,RESISTANCE,"CAZ,CRO,FEP,FOX",100.0,90.0
blaCTX-M-59_1,,INTERMEDIATE_NOT_ADDITIVE,RESISTANCE,"CAZ,CRO,FEP,FOX",100.0,90.0
blaCTX-M-96_1,,INTERMEDIATE_NOT_ADDITIVE,RESISTANCE,"CAZ,CRO,FEP,FOX",100.0,90.0
blaCTX-M-113_1,,INTERMEDIATE_NOT_ADDITIVE,RESISTANCE,"CAZ,CRO,FEP,FOX",100.0,90.0
blaCTX-M-62_1,,INTERMEDIATE_NOT_ADDITIVE,RESISTANCE,"CAZ,CRO,FEP,FOX",100.0,90.0
blaVEB-3_1,,INTERMEDIATE_NOT_ADDITIVE,RESISTANCE,"CAZ,CRO,FEP,FOX",100.0,90.0
blaCTX-M-36_1,,INTERMEDIATE_NOT_ADDITIVE,RESISTANCE,"CAZ,CRO,FEP,FOX",100.0,90.0
blaCTX-M-37_2,,INTERMEDIATE_NOT_ADDITIVE,RESISTANCE,"CAZ,CRO,FEP,FOX",100.0,90.0
blaCTX-M-132_1,,INTERMEDIATE_NOT_ADDITIVE,RESISTANCE,"CAZ,CRO,FEP,FOX",100.0,90.0
blaCTX-M-116_1,,INTERMEDIATE_NOT_ADDITIVE,RESISTANCE,"CAZ,CRO,FEP,FOX",100.0,90.0
blaCTX-M-61_1,,INTERMEDIATE_NOT_ADDITIVE,RESISTANCE,"CAZ,CRO,FEP,FOX",100.0,90.0
blaCTX-M-49_1,,INTERMEDIATE_NOT_ADDITIVE,RESISTANCE,"CAZ,CRO,FEP,FOX",100.0,90.0
blaVEB-1_3,,INTERMEDIATE_NOT_ADDITIVE,RESISTANCE,"CAZ,CRO,FEP,FOX",100.0,90.0
blaCTX-M-68_1,,INTERMEDIATE_NOT_ADDITIVE,RESISTANCE,"CAZ,CRO,FEP,FOX",100.0,90.0
blaCTX-M-87_1,,INTERMEDIATE_NOT_ADDITIVE,RESISTANCE,"CAZ,CRO,FEP,FOX",100.0,90.0
blaCTX-M-65_2,,INTERMEDIATE_NOT_ADDITIVE,RESISTANCE,"CAZ,CRO,FEP,FOX",100.0,90.0
blaCTX-M-29_1,,INTERMEDIATE_NOT_ADDITIVE,RESISTANCE,"CAZ,CRO,FEP,FOX",100.0,90.0
blaCTX-M-103_1,,INTERMEDIATE_NOT_ADDITIVE,RESISTANCE,"CAZ,CRO,FEP,FOX",100.0,90.0
blaCTX-M-24_8,,INTERMEDIATE_NOT_ADDITIVE,RESISTANCE,"CAZ,CRO,FEP,FOX",100.0,90.0
blaCTX-M-46_1,,INTERMEDIATE_NOT_ADDITIVE,RESISTANCE,"CAZ,CRO,FEP,FOX",100.0,90.0
blaCTX-M-99_1,,INTERMEDIATE_NOT_ADDITIVE,RESISTANCE,"CAZ,CRO,FEP,FOX",100.0,90.0
blaPER-1_1,,INTERMEDIATE_NOT_ADDITIVE,RESISTANCE,"CAZ,CRO,FEP,FOX",100.0,90.0
blaCTX-M-5_6,,INTERMEDIATE_NOT_ADDITIVE,RESISTANCE,"CAZ,CRO,FEP,FOX",100.0,90.0
blaCTX-M-93_1,,INTERMEDIATE_NOT_ADDITIVE,RESISTANCE,"CAZ,CRO,FEP,FOX",100.0,90.0
blaCTX-M-97_1,,INTERMEDIATE_NOT_ADDITIVE,RESISTANCE,"CAZ,CRO,FEP,FOX",100.0,90.0
blaCTX-M-112_1,,INTERMEDIATE_NOT_ADDITIVE,RESISTANCE,"CAZ,CRO,FEP,FOX",100.0,90.0
blaVEB-6_1,,INTERMEDIATE_NOT_ADDITIVE,RESISTANCE,"CAZ,CRO,FEP,FOX",100.0,90.0
blaCTX-M-11_1,,INTERMEDIATE_NOT_ADDITIVE,RESISTANCE,"CAZ,CRO,FEP,FOX",100.0,90.0
blaCTX-M-38_1,,INTERMEDIATE_NOT_ADDITIVE,RESISTANCE,"CAZ,CRO,FEP,FOX",100.0,90.0
blaCTX-M-14_1,,INTERMEDIATE_NOT_ADDITIVE,RESISTANCE,"CAZ,CRO,FEP,FOX",100.0,90.0
blaCTX-M-74_1,,INTERMEDIATE_NOT_ADDITIVE,RESISTANCE,"CAZ,CRO,FEP,FOX",100.0,90.0
blaCTX-M-79_1,,INTERMEDIATE_NOT_ADDITIVE,RESISTANCE,"CAZ,CRO,FEP,FOX",100.0,90.0
blaCTX-M-65_11,,INTERMEDIATE_NOT_ADDITIVE,RESISTANCE,"CAZ,CRO,FEP,FOX",100.0,90.0
blaCTX-M-76_1,,INTERMEDIATE_NOT_ADDITIVE,RESISTANCE,"CAZ,CRO,FEP,FOX",100.0,90.0
blaCTX-M-44_1,,INTERMEDIATE_NOT_ADDITIVE,RESISTANCE,"CAZ,CRO,FEP,FOX",100.0,90.0
blaCTX-M-23_1,,INTERMEDIATE_NOT_ADDITIVE,RESISTANCE,"CAZ,CRO,FEP,FOX",100.0,90.0
blaCTX-M-22_1,,INTERMEDIATE_NOT_ADDITIVE,RESISTANCE,"CAZ,CRO,FEP,FOX",100.0,90.0
blaCTX-M-35_1,,INTERMEDIATE_NOT_ADDITIVE,RESISTANCE,"CAZ,CRO,FEP,FOX",100.0,90.0
blaCTX-M-63_1,,INTERMEDIATE_NOT_ADDITIVE,RESISTANCE,"CAZ,CRO,FEP,FOX",100.0,90.0
blaOXA-15_1,,INTERMEDIATE_NOT_ADDITIVE,RESISTANCE,"CAZ,CRO,FEP,FOX",100.0,90.0
blaCTX-M-3_8,,INTERMEDIATE_NOT_ADDITIVE,RESISTANCE,"CAZ,CRO,FEP,FOX",100.0,90.0
blaVEB-1_4,,INTERMEDIATE_NOT_ADDITIVE,RESISTANCE,"CAZ,CRO,FEP,FOX",100.0,90.0
blaCTX-M-30_1,,INTERMEDIATE_NOT_ADDITIVE,RESISTANCE,"CAZ,CRO,FEP,FOX",100.0,90.0
blaCTX-M-45_1,,INTERMEDIATE_NOT_ADDITIVE,RESISTANCE,"CAZ,CRO,FEP,FOX",100.0,90.0
blaCTX-M-84_1,,INTERMEDIATE_NOT_ADDITIVE,RESISTANCE,"CAZ,CRO,FEP,FOX",100.0,90.0
blaCTX-M-10_1,,INTERMEDIATE_NOT_ADDITIVE,RESISTANCE,"CAZ,CRO,FEP,FOX",100.0,90.0
blaCTX-M-14b_1,,INTERMEDIATE_NOT_ADDITIVE,RESISTANCE,"CAZ,CRO,FEP,FOX",100.0,90.0
blaSHV27_1,,INTERMEDIATE_NOT_ADDITIVE,RESISTANCE,"CAZ,CRO,FEP,FOX",100.0,90.0
blaCTX-M-2_1,,INTERMEDIATE_NOT_ADDITIVE,RESISTANCE,"CAZ,CRO,FEP,FOX",100.0,90.0
blaCTX-M-110_1,,INTERMEDIATE_NOT_ADDITIVE,RESISTANCE,"CAZ,CRO,FEP,FOX",100.0,90.0
blaCTX-M-4_1,,INTERMEDIATE_NOT_ADDITIVE,RESISTANCE,"CAZ,CRO,FEP,FOX",100.0,90.0
blaCTX-M-71_1,,INTERMEDIATE_NOT_ADDITIVE,RESISTANCE,"CAZ,CRO,FEP,FOX",100.0,90.0
blaCTX-M-21_1,,INTERMEDIATE_NOT_ADDITIVE,RESISTANCE,"CAZ,CRO,FEP,FOX",100.0,90.0
blaCTX-M-102_1,,INTERMEDIATE_NOT_ADDITIVE,RESISTANCE,"CAZ,CRO,FEP,FOX",100.0,90.0
blaCTX-M-95_1,,INTERMEDIATE_NOT_ADDITIVE,RESISTANCE,"CAZ,CRO,FEP,FOX",100.0,90.0
blaSHV5_1,,INTERMEDIATE_NOT_ADDITIVE,RESISTANCE,"CAZ,CRO,FEP,FOX",100.0,90.0
blaCTX-M-20_1,,INTERMEDIATE_NOT_ADDITIVE,RESISTANCE,"CAZ,CRO,FEP,FOX",100.0,90.0
blaCTX-M-89_1,,INTERMEDIATE_NOT_ADDITIVE,RESISTANCE,"CAZ,CRO,FEP,FOX",100.0,90.0
blaCTX-M-81_1,,INTERMEDIATE_NOT_ADDITIVE,RESISTANCE,"CAZ,CRO,FEP,FOX",100.0,90.0
blaCTX-M-41_1,,INTERMEDIATE_NOT_ADDITIVE,RESISTANCE,"CAZ,CRO,FEP,FOX",100.0,90.0
blaCTX-M-104_1,,INTERMEDIATE_NOT_ADDITIVE,RESISTANCE,"CAZ,CRO,FEP,FOX",100.0,90.0
blaCTX-M-88_1,,INTERMEDIATE_NOT_ADDITIVE,RESISTANCE,"CAZ,CRO,FEP,FOX",100.0,90.0
blaCTX-M-89_2,,INTERMEDIATE_NOT_ADDITIVE,RESISTANCE,"CAZ,CRO,FEP,FOX",100.0,90.0
blaTEM10_1,,INTERMEDIATE_NOT_ADDITIVE,RESISTANCE,"CAZ,CRO,FEP,FOX",100.0,90.0
blaSHV16_1,,INTERMEDIATE_NOT_ADDITIVE,RESISTANCE,"CAZ,CRO,FEP,FOX",100.0,90.0
blaCTX-M-106_1,,INTERMEDIATE_NOT_ADDITIVE,RESISTANCE,"CAZ,CRO,FEP,FOX",100.0,90.0
blaCTX-M-85_1,,INTERMEDIATE_NOT_ADDITIVE,RESISTANCE,"CAZ,CRO,FEP,FOX",100.0,90.0
blaCTX-M-6_1,,INTERMEDIATE_NOT_ADDITIVE,RESISTANCE,"CAZ,CRO,FEP,FOX",100.0,90.0
blaCTX-M-8_1,,INTERMEDIATE_NOT_ADDITIVE,RESISTANCE,"CAZ,CRO,FEP,FOX",100.0,90.0
blaCTX-M-15_23,,INTERMEDIATE_NOT_ADDITIVE,RESISTANCE,"CAZ,CRO,FEP,FOX",100.0,90.0
blaCTX-M-53_1,,INTERMEDIATE_NOT_ADDITIVE,RESISTANCE,"CAZ,CRO,FEP,FOX",100.0,90.0
blaCTX-M-3_2,,INTERMEDIATE_NOT_ADDITIVE,RESISTANCE,"CAZ,CRO,FEP,FOX",100.0,90.0
blaOXA-11_1,,INTERMEDIATE_NOT_ADDITIVE,RESISTANCE,"CAZ,CRO,FEP,FOX",100.0,90.0
blaCTX-M-114_1,,INTERMEDIATE_NOT_ADDITIVE,RESISTANCE,"CAZ,CRO,FEP,FOX",100.0,90.0
blaCTX-M-80_1,,INTERMEDIATE_NOT_ADDITIVE,RESISTANCE,"CAZ,CRO,FEP,FOX",100.0,90.0
blaCTX-M-14b_4,,INTERMEDIATE_NOT_ADDITIVE,RESISTANCE,"CAZ,CRO,FEP,FOX",100.0,90.0
blaCTX-M-9_7,,INTERMEDIATE_NOT_ADDITIVE,RESISTANCE,"CAZ,CRO,FEP,FOX",100.0,90.0
blaCTX-M-17_1,,INTERMEDIATE_NOT_ADDITIVE,RESISTANCE,"CAZ,CRO,FEP,FOX",100.0,90.0
blaCTX-M-56_1,,INTERMEDIATE_NOT_ADDITIVE,RESISTANCE,"CAZ,CRO,FEP,FOX",100.0,90.0
blaCTX-M-75_1,,INTERMEDIATE_NOT_ADDITIVE,RESISTANCE,"CAZ,CRO,FEP,FOX",100.0,90.0
blaCTX-M-117_1,,INTERMEDIATE_NOT_ADDITIVE,RESISTANCE,"CAZ,CRO,FEP,FOX",100.0,90.0
blaCTX-M-47_1,,INTERMEDIATE_NOT_ADDITIVE,RESISTANCE,"CAZ,CRO,FEP,FOX",100.0,90.0
blaVEB-5_1,,INTERMEDIATE_NOT_ADDITIVE,RESISTANCE,"CAZ,CRO,FEP,FOX",100.0,90.0
blaCTX-M-42_1,,INTERMEDIATE_NOT_ADDITIVE,RESISTANCE,"CAZ,CRO,FEP,FOX",100.0,90.0
